1	у	у	ADP	_	_	_	_	_	@ns1982m-words#@ns1982m#1.241#1.491
2	меня	я	PRON	_	Case=Gen|Number=Sing|Person=1	_	_	_	@ns1982m-words#@ns1982m#1.491#1.741
3	никак	никак	ADV	_	Degree=Pos	_	_	_	@ns1982m-words#@ns1982m#1.741#1.991
4	эээ	эээ	INTJ	_	_	_	_	_	@ns1982m-words#@ns1982m#1.991#2.241
5	ваша	ваш	DET	_	Case=Nom|Gender=Fem|Number=Sing	_	_	_	@ns1982m-words#@ns1982m#2.241#2.491
6	музыка	музыка	NOUN	_	Animacy=Inan|Case=Nom|Gender=Fem|Number=Sing	_	_	_	@ns1982m-words#@ns1982m#2.491#2.741
7	и	и	CCONJ	_	_	_	_	_	@ns1982m-words#@ns1982m#2.741#2.991
8	то	то	PRON	_	Animacy=Inan|Case=Nom|Gender=Neut|Number=Sing	_	_	_	@ns1982m-words#@ns1982m#2.991#3.241
9	что	что	SCONJ	_	Case=Acc	_	_	_	@ns1982m-words#@ns1982m#3.241#3.491
10	вы	вы	PRON	_	Case=Nom|Number=Plur|Person=2	_	_	_	@ns1982m-words#@ns1982m#3.491#3.741
11	делаете	делать	VERB	_	Aspect=Imp|Mood=Ind|Number=Plur|Person=2|Tense=Pres|VerbForm=Fin|Voice=Act	_	_	_	@ns1982m-words#@ns1982m#3.741#3.991
12	не	не	PART	_	_	_	_	_	@ns1982m-words#@ns1982m#3.991#4.241
13	ассоциируется	ассоциироваться	VERB	_	Aspect=Imp|Mood=Ind|Number=Sing|Person=3|Tense=Pres|VerbForm=Fin|Voice=Mid	_	_	_	@ns1982m-words#@ns1982m#4.241#4.491
14	с	с	ADP	_	_	_	_	_	@ns1982m-words#@ns1982m#4.491#4.741
15	первым	первый	ADJ	_	Case=Ins|Degree=Pos|Gender=Masc|Number=Sing	_	_	_	@ns1982m-words#@ns1982m#4.741#4.991
16	каналом	канал	NOUN	_	Animacy=Inan|Case=Ins|Gender=Masc|Number=Sing	_	_	_	@ns1982m-words#@ns1982m#4.991#5.241
17	даже	даже	PART	_	_	_	_	_	@ns1982m-words#@ns1982m#5.586#5.861
18	с	с	ADP	_	_	_	_	_	@ns1982m-words#@ns1982m#5.861#6.136
19	эфиром	эфир	NOUN	_	Animacy=Inan|Case=Ins|Gender=Masc|Number=Sing	_	_	_	@ns1982m-words#@ns1982m#6.136#6.411
20	вечернего	вечерний	ADJ	_	Case=Gen|Degree=Pos|Gender=Masc|Number=Sing	_	_	_	@ns1982m-words#@ns1982m#6.411#6.686
21	урганта	Ургант	PROPN	_	Animacy=Inan|Case=Gen|Gender=Masc|Number=Sing	_	_	_	@ns1982m-words#@ns1982m#6.686#6.965
22	не	не	PART	_	_	_	_	_	@ns1982m-words#@ns1982m#8.896#9.108
23	знаю	знать	VERB	_	Aspect=Imp|Mood=Ind|Number=Sing|Person=1|Tense=Pres|VerbForm=Fin|Voice=Act	_	_	_	@ns1982m-words#@ns1982m#9.108#9.32
24	ну	ну	PART	_	_	_	_	_	@ns1982m-words#@ns1982m#9.32#9.532
25	потому	потому	SCONJ	_	_	_	_	_	@ns1982m-words#@ns1982m#9.532#9.744
26	что	что	SCONJ	_	_	_	_	_	@ns1982m-words#@ns1982m#9.744#9.956
27	она	она	PRON	_	Case=Nom|Gender=Fem|Number=Sing|Person=3	_	_	_	@ns1982m-words#@ns1982m#9.956#10.168
28	/	/	PUNCT	_	_	_	_	_	@ns1982m-words#@ns1982m#10.168#10.38
29	ну	ну	PART	_	_	_	_	_	@ns1982m-words#@ns1982m#10.38#10.592
30	она	она	PRON	_	Case=Nom|Gender=Fem|Number=Sing|Person=3	_	_	_	@ns1982m-words#@ns1982m#10.592#10.804
31	она	она	PRON	_	Case=Nom|Gender=Fem|Number=Sing|Person=3	_	_	_	@ns1982m-words#@ns1982m#10.804#11.016
32	против	против	ADP	_	_	_	_	_	@ns1982m-words#@ns1982m#11.016#11.228
33	/	/	PUNCT	_	_	_	_	_	@ns1982m-words#@ns1982m#11.228#11.44
34	течения	течение	NOUN	_	Animacy=Inan|Case=Gen|Gender=Neut|Number=Sing	_	_	_	@ns1982m-words#@ns1982m#11.44#11.655
35	во	в	ADP	_	_	_	_	_	@ns1982m-words#@ns1982m#12.172#12.505
36	всех	весь	DET	_	Case=Loc|Number=Plur	_	_	_	@ns1982m-words#@ns1982m#12.505#12.838
37	отношениях	отношение	NOUN	_	Animacy=Inan|Case=Loc|Gender=Neut|Number=Plur	_	_	_	@ns1982m-words#@ns1982m#12.838#13.172
38	сколько	сколько	ADV	_	Degree=Pos	_	_	_	@ns1982m-words#@ns1982m#26.344#26.53
39	группе	группа	NOUN	_	Animacy=Inan|Case=Dat|Gender=Fem|Number=Sing	_	_	_	@ns1982m-words#@ns1982m#26.53#26.716
40	лет	год	NOUN	_	Animacy=Inan|Case=Gen|Gender=Masc|Number=Plur	_	_	_	@ns1982m-words#@ns1982m#26.716#26.902
41	?	?	PUNCT	_	_	_	_	_	@ns1982m-words#@ns1982m#26.902#27.089
42	ну	ну	PART	_	_	_	_	_	@ns1982m-words#@ns1982m#28.537#28.689
43	а	а	CCONJ	_	_	_	_	_	@ns1982m-words#@ns1982m#28.689#28.841
44	сколько	сколько	ADV	_	Degree=Pos	_	_	_	@ns1982m-words#@ns1982m#28.841#28.993
45	лет	год	NOUN	_	Animacy=Inan|Case=Gen|Gender=Masc|Number=Plur	_	_	_	@ns1982m-words#@ns1982m#28.993#29.145
46	?	?	PUNCT	_	_	_	_	_	@ns1982m-words#@ns1982m#29.145#29.298
47	сколько	сколько	ADV	_	Degree=Pos	_	_	_	@ns1982m-words#@ns1982m#33.208#33.461
48	лет	год	NOUN	_	Animacy=Inan|Case=Gen|Gender=Masc|Number=Plur	_	_	_	@ns1982m-words#@ns1982m#33.461#33.714
49	группе	группа	NOUN	_	Animacy=Inan|Case=Dat|Gender=Fem|Number=Sing	_	_	_	@ns1982m-words#@ns1982m#33.714#33.967
50	?	?	PUNCT	_	_	_	_	_	@ns1982m-words#@ns1982m#33.967#34.223
51	обидно	обидно	ADV	_	Degree=Pos	_	_	_	@ns1982m-words#@ns1982m#38.656#38.944
52	когда	когда	SCONJ	_	_	_	_	_	@ns1982m-words#@ns1982m#38.944#39.232
53	ты	ты	PRON	_	Case=Nom|Number=Sing|Person=2	_	_	_	@ns1982m-words#@ns1982m#39.232#39.52
54	эээ	эээ	INTJ	_		_	_	_	@ns1982m-words#@ns1982m#39.52#39.808
55	/	/	PUNCT	_	_	_	_	_	@ns1982m-words#@ns1982m#39.808#40.096
56	ты	ты	PRON	_	Case=Nom|Number=Sing|Person=2	_	_	_	@ns1982m-words#@ns1982m#40.096#40.384
57	делаешь	делать	VERB	_	Aspect=Imp|Mood=Ind|Number=Sing|Person=2|Tense=Pres|VerbForm=Fin|Voice=Act	_	_	_	@ns1982m-words#@ns1982m#40.384#40.672
58	/	/	PUNCT	_	_	_	_	_	@ns1982m-words#@ns1982m#40.672#40.96
59	эээ	эээ	INTJ	_	_	_	_	_	@ns1982m-words#@ns1982m#40.96#41.253
60	много	много	ADV	_	Degree=Pos	_	_	_	@ns1982m-words#@ns1982m#41.671#41.936
61	чего	что	ADV	_	Case=Gen	_	_	_	@ns1982m-words#@ns1982m#41.936#42.201
62	делаешь	делать	VERB	_	Aspect=Imp|Mood=Ind|Number=Sing|Person=2|Tense=Pres|VerbForm=Fin|Voice=Act	_	_	_	@ns1982m-words#@ns1982m#42.201#42.466
63	и	и	CCONJ	_	_	_	_	_	@ns1982m-words#@ns1982m#42.466#42.731
64	делаешь	делать	VERB	_	Aspect=Imp|Mood=Ind|Number=Sing|Person=2|Tense=Pres|VerbForm=Fin|Voice=Act	_	_	_	@ns1982m-words#@ns1982m#42.731#42.996
65	при	при	ADP	_	_	_	_	_	@ns1982m-words#@ns1982m#42.996#43.261
66	этом	это	PRON	_	Animacy=Inan|Case=Loc|Gender=Neut|Number=Sing	_	_	_	@ns1982m-words#@ns1982m#43.261#43.526
67	круто	круто	ADV	_	Degree=Pos	_	_	_	@ns1982m-words#@ns1982m#43.526#43.791
68	там	там	PART	_	_	_	_	_	@ns1982m-words#@ns1982m#43.94#44.268
69	первый	первый	ADJ	_	Case=Nom|Degree=Pos|Gender=Masc|Number=Sing	_	_	_	@ns1982m-words#@ns1982m#44.268#44.596
70	альбом	альбом	NOUN	_	Animacy=Inan|Case=Ins|Gender=Masc|Number=Sing	_	_	_	@ns1982m-words#@ns1982m#44.596#44.924
71	Дотерс	Дотерс	PROPN	_	Animacy=Inan|Case=Gen|Gender=Fem|Number=Sing	_	_	_	@ns1982m-words#@ns1982m#44.924#45.252
72	он	он	PRON	_	Case=Nom|Gender=Masc|Number=Sing|Person=3	_	_	_	@ns1982m-words#@ns1982m#45.252#45.58
73	очень	очень	ADV	_	Degree=Pos	_	_	_	@ns1982m-words#@ns1982m#45.58#45.908
74	крутой	крутой	ADJ	_	Case=Nom|Degree=Pos|Gender=Masc|Number=Sing	_	_	_	@ns1982m-words#@ns1982m#45.908#46.238
75	он	он	PRON	_	Case=Nom|Gender=Masc|Number=Sing|Person=3	_	_	_	@ns1982m-words#@ns1982m#46.82#47.088
76	очень	очень	ADV	_	Degree=Pos	_	_	_	@ns1982m-words#@ns1982m#47.088#47.356
77	крутой	крутой	ADJ	_	Case=Nom|Degree=Pos|Gender=Masc|Number=Sing	_	_	_	@ns1982m-words#@ns1982m#47.356#47.624
78	но	но	CCONJ	_	_	_	_	_	@ns1982m-words#@ns1982m#47.624#47.892
79	пока	пока	SCONJ	_	_	_	_	_	@ns1982m-words#@ns1982m#47.892#48.16
80	/	/	PUNCT	_	_	_	_	_	@ns1982m-words#@ns1982m#48.16#48.428
81	ты	ты	PRON	_	Case=Nom|Number=Sing|Person=2	_	_	_	@ns1982m-words#@ns1982m#48.428#48.696
82	/	/	PUNCT	_	_	_	_	_	@ns1982m-words#@ns1982m#48.696#48.964
83	не	не	PART	_	_	_	_	_	@ns1982m-words#@ns1982m#48.964#49.232
84	дожидаешься	дожидаться	VERB	_	Aspect=Imp|Mood=Ind|Number=Sing|Person=2|Tense=Pres|VerbForm=Fin|Voice=Mid	_	_	_	@ns1982m-words#@ns1982m#49.232#49.5
85	момента	момент	NOUN	_	Animacy=Inan|Case=Gen|Gender=Masc|Number=Sing	_	_	_	@ns1982m-words#@ns1982m#49.5#49.768
86	когда	когда	SCONJ	_	_	_	_	_	@ns1982m-words#@ns1982m#49.768#50.036
87	все	все	PRON	_	Animacy=Anim|Case=Nom|Number=Plur	_	_	_	@ns1982m-words#@ns1982m#50.036#50.304
88	начинают	начинать	VERB	_	Aspect=Imp|Mood=Ind|Number=Plur|Person=3|Tense=Pres|VerbForm=Fin|Voice=Act	_	_	_	@ns1982m-words#@ns1982m#50.304#50.572
89	о	о	ADP	_	_	_	_	_	@ns1982m-words#@ns1982m#50.572#50.84
90	тебе	ты	PRON	_	Case=Dat|Number=Sing|Person=2	_	_	_	@ns1982m-words#@ns1982m#50.84#51.108
91	говорить	говорить	VERB	_	Aspect=Imp|VerbForm=Inf|Voice=Act	_	_	_	@ns1982m-words#@ns1982m#51.108#51.376
92	/	/	PUNCT	_	_	_	_	_	@ns1982m-words#@ns1982m#51.376#51.644
93	все	весь	DET	_	_	_	_	_	@ns1982m-words#@ns1982m#51.644#51.912
94	у	у	ADP	_	_	_	_	_	@ns1982m-words#@ns1982m#51.912#52.18
95	тебя	ты	PRON	_	Case=Gen|Number=Sing|Person=2	_	_	_	@ns1982m-words#@ns1982m#52.18#52.448
96	просят	просить	VERB	_	Aspect=Imp|Mood=Ind|Number=Plur|Person=3|Tense=Pres|VerbForm=Fin|Voice=Act	_	_	_	@ns1982m-words#@ns1982m#52.448#52.716
97	интервью	интервью	NOUN	_	Animacy=Inan|Case=Nom|Gender=Neut|Number=Plur	_	_	_	@ns1982m-words#@ns1982m#52.716#52.984
98	/	/	PUNCT	_	_	_	_	_	@ns1982m-words#@ns1982m#52.984#53.252
99	все	весь	DET	_	_	_	_	_	@ns1982m-words#@ns1982m#53.252#53.52
100	тебя	ты	PRON	_	Case=Acc|Number=Sing|Person=2	_	_	_	@ns1982m-words#@ns1982m#53.52#53.788
101	ставят	ставить	VERB	_	Aspect=Imp|Mood=Ind|Number=Plur|Person=3|Tense=Pres|VerbForm=Fin|Voice=Act	_	_	_	@ns1982m-words#@ns1982m#53.788#54.056
102	на	на	ADP	_	_	_	_	_	@ns1982m-words#@ns1982m#54.056#54.324
103	обложки	обложка	NOUN	_	Animacy=Inan|Case=Acc|Gender=Fem|Number=Plur	_	_	_	@ns1982m-words#@ns1982m#54.324#54.592
104	никакого	никакой	DET	_	Case=Gen|Gender=Masc|Number=Sing	_	_	_	@ns1982m-words#@ns1982m#54.592#54.86
105	вечернего	вечерний	ADJ	_	Case=Gen|Degree=Pos|Gender=Masc|Number=Sing	_	_	_	@ns1982m-words#@ns1982m#54.86#55.128
106	урганта	Ургант	PROPN	_	Animacy=Inan|Case=Gen|Gender=Masc|Number=Sing	_	_	_	@ns1982m-words#@ns1982m#55.128#55.396
107	нет	нет	PRED	_	_	_	_	_	@ns1982m-words#@ns1982m#55.396#55.686
108	и	и	CCONJ	_	_	_	_	_	@ns1982m-words#@ns1982m#57.507#57.739
109	?	?	PUNCT	_	_	_	_	_	@ns1982m-words#@ns1982m#57.739#57.971
110	ну	ну	PART	_	_	_	_	_	@ns1982m-words#@ns1982m#57.971#58.203
111	обидно	обидно	ADJ	_	Degree=Pos|Gender=Neut|Number=Sing|Variant=Short	_	_	_	@ns1982m-words#@ns1982m#58.203#58.435
112	/	/	PUNCT	_	_	_	_	_	@ns1982m-words#@ns1982m#58.435#58.667
113	не	не	PART	_	_	_	_	_	@ns1982m-words#@ns1982m#58.667#58.899
114	знаю	знать	VERB	_	Aspect=Imp|Mood=Ind|Number=Sing|Person=1|Tense=Pres|VerbForm=Fin|Voice=Act	_	_	_	@ns1982m-words#@ns1982m#58.899#59.131
115	нет	нет	PART	_	_	_	_	_	@ns1982m-words#@ns1982m#59.131#59.363
116	?	?	PUNCT	_	_	_	_	_	@ns1982m-words#@ns1982m#59.363#59.597
117	[нрзб]	[нрзб]	X	_	_	_	_	_	@ns1982m-words#@ns1982m#60.194#60.426
118	момент	момент	NOUN	_	Animacy=Inan|Case=Nom|Gender=Masc|Number=Sing	_	_	_	@ns1982m-words#@ns1982m#60.426#60.658
119	не	не	PART	_	_	_	_	_	@ns1982m-words#@ns1982m#60.658#60.89
120	хочется	хотеться	VERB	_	Aspect=Imp|Mood=Ind|Number=Sing|Person=3|Tense=Pres|VerbForm=Fin|Voice=Mid	_	_	_	@ns1982m-words#@ns1982m#60.89#61.122
121	сделать	сделать	VERB	_	Aspect=Perf|VerbForm=Inf|Voice=Act	_	_	_	@ns1982m-words#@ns1982m#61.122#61.354
122	жест	жест	NOUN	_	Animacy=Inan|Case=Acc|Gender=Masc|Number=Sing	_	_	_	@ns1982m-words#@ns1982m#61.354#61.586
123	и	и	CCONJ	_	_	_	_	_	@ns1982m-words#@ns1982m#61.586#61.818
124	не	не	PART	_	_	_	_	_	@ns1982m-words#@ns1982m#61.818#62.05
125	идти	идти	VERB	_	Aspect=Imp|VerbForm=Inf|Voice=Act	_	_	_	@ns1982m-words#@ns1982m#62.05#62.282
126	туда	туда	ADV	_	Degree=Pos	_	_	_	@ns1982m-words#@ns1982m#62.282#62.514
127	куда	куда	SCONJ	_	_	_	_	_	@ns1982m-words#@ns1982m#62.514#62.746
128	все	весь	DET	_	Animacy=Anim|Case=Nom|Number=Plur	_	_	_	@ns1982m-words#@ns1982m#62.746#62.978
129	идут	идти	VERB	_	Aspect=Imp|Mood=Ind|Number=Plur|Person=3|Tense=Pres|VerbForm=Fin|Voice=Act	_	_	_	@ns1982m-words#@ns1982m#62.978#63.21
130	?	?	PUNCT	_	_	_	_	_	@ns1982m-words#@ns1982m#63.21#63.447
131	и	и	CCONJ	_	_	_	_	_	@ns1982m-words#@ns1982m#63.97#64.223
132	не	не	PART	_	_	_	_	_	@ns1982m-words#@ns1982m#64.223#64.476
133	выступать	выступать	VERB	_	Aspect=Imp|VerbForm=Inf|Voice=Act	_	_	_	@ns1982m-words#@ns1982m#64.476#64.729
134	в	в	ADP	_	_	_	_	_	@ns1982m-words#@ns1982m#64.729#64.982
135	компании	компания	NOUN	_	Animacy=Inan|Case=Loc|Gender=Fem|Number=Sing	_	_	_	@ns1982m-words#@ns1982m#64.982#65.235
136	там	там	PART	_	_	_	_	_	@ns1982m-words#@ns1982m#65.235#65.492
137	сегодня	сегодня	ADV	_	Degree=Pos	_	_	_	@ns1982m-words#@ns1982m#65.537#65.87
138	там	там	ADV	_	Degree=Pos	_	_	_	@ns1982m-words#@ns1982m#65.87#66.203
139	выступает	выступать	VERB	_	Aspect=Imp|Mood=Ind|Number=Sing|Person=3|Tense=Pres|VerbForm=Fin|Voice=Act	_	_	_	@ns1982m-words#@ns1982m#66.203#66.536
140	ани	Ани	PRONP	_	Animacy=Anim|Case=Nom|Gender=Fem|Number=Sing	_	_	_	@ns1982m-words#@ns1982m#66.536#66.869
141	лорак	Лорак	PRONP	_	Animacy=Anim|Case=Nom|Gender=Fem|Number=Sing	_	_	_	@ns1982m-words#@ns1982m#66.869#67.202
142	завтра	завтра	ADV	_	Degree=Pos	_	_	_	@ns1982m-words#@ns1982m#67.202#67.535
143	/	/	PUNCT	_	_	_	_	_	@ns1982m-words#@ns1982m#67.535#67.868
144	пелагея	Пелагея	NOUN	_	Animacy=Anim|Case=Nom|Gender=Fem|Number=Sing	_	_	_	@ns1982m-words#@ns1982m#67.868#68.201
145	/	/	PUNCT	_	_	_	_	_	@ns1982m-words#@ns1982m#68.201#68.534
146	потом	потом	ADV	_	Degree=Pos	_	_	_	@ns1982m-words#@ns1982m#68.534#68.867
147	леонид	Леонид	PRONP	_	Animacy=Anim|Case=Nom|Gender=Masc|Number=Sing	_	_	_	@ns1982m-words#@ns1982m#68.867#69.2
148	агутин	Агутин	PRONP	_	Animacy=Anim|Case=Nom|Gender=Masc|Number=Sing	_	_	_	@ns1982m-words#@ns1982m#69.2#69.533
149	а	а	CCONJ	_	_	_	_	_	@ns1982m-words#@ns1982m#69.533#69.866
150	потом	потом	ADV	_	Degree=Pos	_	_	_	@ns1982m-words#@ns1982m#69.866#70.199
151	вы	вы	PRON	_	Case=Nom|Number=Plur|Person=2	_	_	_	@ns1982m-words#@ns1982m#70.199#70.537
152	надо	надо	PRED	_	Degree=Pos	_	_	_	@ns1982m-words#@ns1982m#158.686#159.008
153	для	для	ADP	_	_	_	_	_	@ns1982m-words#@ns1982m#159.008#159.33
154	всех	все	DET	_	Animacy=Anim|Case=Gen|Number=Plur	_	_	_	@ns1982m-words#@ns1982m#159.33#159.652
155	короче	коротко	ADV	_	Degree=Cmp	_	_	_	@ns1982m-words#@ns1982m#159.652#159.974
156	зафиксировать	зафиксировать	VERB	_	Aspect=Perf|VerbForm=Inf|Voice=Act	_	_	_	@ns1982m-words#@ns1982m#159.974#160.296
157	что	что	SCONJ	_	Case=Acc	_	_	_	@ns1982m-words#@ns1982m#160.296#160.618
158	правильно	правильно	PRED	_	_	_	_	_	@ns1982m-words#@ns1982m#160.618#160.94
159	говорить	говорить	VERB	_	Aspect=Imp|VerbForm=Inf|Voice=Act	_	_	_	@ns1982m-words#@ns1982m#160.94#161.268
160	Шорт...	Шорт...	X	_	_	_	_	_	@ns1982m-words#@ns1982m#161.552#162.425
161	парис	парис	X	_		_	_	_	@ns1982m-words#@ns1982m#162.425#163.298
162	Шортпарис	Шортпарис	PROPN	_	Animacy=Inan|Case=Nom|Gender=Masc|Number=Sing	_	_	_	@ns1982m-words#@ns1982m#164.089#165.014
163	вы	вы	PRON	_	Case=Nom|Number=Plur|Person=2	_	_	_	@ns1982m-words#@ns1982m#165.119#165.356
164	очень	очень	ADV	_	Degree=Pos	_	_	_	@ns1982m-words#@ns1982m#165.356#165.593
165	похожи	похожий	ADJ	_	Degree=Pos|Number=Plur|Variant=Short	_	_	_	@ns1982m-words#@ns1982m#165.593#165.83
166	на	на	ADP	_	_	_	_	_	@ns1982m-words#@ns1982m#165.83#166.067
167	Владимира	Владимир	PROPN	_	Animacy=Anim|Case=Acc|Gender=Masc|Number=Sing	_	_	_	@ns1982m-words#@ns1982m#166.067#166.304
168	Маяковского	Маяковский	PROPN	_	Animacy=Anim|Case=Acc|Gender=Masc|Number=Sing	_	_	_	@ns1982m-words#@ns1982m#166.304#166.541
169	/	/	PUNCT	_	_	_	_	_	@ns1982m-words#@ns1982m#166.541#166.778
170	вам	вы	PRON	_	Case=Dat|Number=Plur|Person=2	_	_	_	@ns1982m-words#@ns1982m#166.778#167.015
171	это	это	DET	_	Animacy=Inan|Case=Acc|Gender=Neut|Number=Sing	_	_	_	@ns1982m-words#@ns1982m#167.015#167.252
172	говорили	говорить	VERB	_	Aspect=Imp|Mood=Ind|Number=Plur|Tense=Past|VerbForm=Fin|Voice=Act	_	_	_	@ns1982m-words#@ns1982m#167.252#167.489
173	?	?	PUNCT	_	_	_	_	_	@ns1982m-words#@ns1982m#167.489#167.731
174	это	это	DET	_	Animacy=Inan|Case=Nom|Gender=Neut|Number=Sing	_	_	_	@ns1982m-words#@ns1982m#168.791#169.052
175	сознательно	сознательно	ADV	_	Degree=Pos	_	_	_	@ns1982m-words#@ns1982m#169.052#169.313
176	сделано	сделать	VERB	_	Aspect=Perf|Gender=Neut|Number=Sing|Tense=Past|Variant=Short|VerbForm=Part|Voice=Pass	_	_	_	@ns1982m-words#@ns1982m#169.313#169.574
177	?	?	PUNCT	_	_	_	_	_	@ns1982m-words#@ns1982m#169.574#169.835
178	то	то	PRON	_	Animacy=Inan|Case=Nom|Gender=Neut|Number=Sing	_	_	_	@ns1982m-words#@ns1982m#172.926#173.207
179	есть	быть	VERB	_	Aspect=Imp|VerbForm=Inf|Voice=Act	_	_	_	@ns1982m-words#@ns1982m#173.207#173.488
180	то	то	PRON	_	Animacy=Inan|Case=Nom|Gender=Neut|Number=Sing	_	_	_	@ns1982m-words#@ns1982m#173.488#173.769
181	что	что	SCONJ	_	_	_	_	_	@ns1982m-words#@ns1982m#173.769#174.05
182	вы	вы	PRON	_	Case=Nom|Number=Plur|Person=2	_	_	_	@ns1982m-words#@ns1982m#174.05#174.331
183	подстрижены	подстричь	VERB	_	Aspect=Perf|Number=Plur|Tense=Past|Variant=Short|VerbForm=Part|Voice=Pass	_	_	_	@ns1982m-words#@ns1982m#174.331#174.612
184	коротко	коротко	ADV	_	Degree=Pos	_	_	_	@ns1982m-words#@ns1982m#174.612#174.893
185	[нрзб]	[нрзб]	X	_	_	_	_	_	@ns1982m-words#@ns1982m#174.893#175.179
186	ну	ну	PART	_	_	_	_	_	@ns1982m-words#@ns1982m#175.179#175.441
187	это	это	PRON	_	Animacy=Inan|Case=Nom|Gender=Neut|Number=Sing	_	_	_	@ns1982m-words#@ns1982m#175.441#175.703
188	же	же	PART	_	_	_	_	_	@ns1982m-words#@ns1982m#175.703#175.965
189	не	не	PART	_	_	_	_	_	@ns1982m-words#@ns1982m#175.965#176.227
190	значит	значить	VERB	_	Aspect=Imp|Mood=Ind|Number=Sing|Person=3|Tense=Pres|VerbForm=Fin|Voice=Act	_	_	_	@ns1982m-words#@ns1982m#176.227#176.489
191	что	что	SCONJ	_		_	_	_	@ns1982m-words#@ns1982m#176.489#176.751
192	/	/	PUNCT	_	_	_	_	_	@ns1982m-words#@ns1982m#176.751#177.013
193	можно	можно	ADV	_	Degree=Pos	_	_	_	@ns1982m-words#@ns1982m#177.013#177.275
194	можно	можно	ADV	_	Degree=Pos	_	_	_	@ns1982m-words#@ns1982m#177.275#177.537
195	по-разному	по-разному	ADV	_	Degree=Pos	_	_	_	@ns1982m-words#@ns1982m#177.537#177.799
196	коротко	коротко	ADV	_	Degree=Pos	_	_	_	@ns1982m-words#@ns1982m#177.799#178.061
197	подстричься	подстричься	VERB	_	Aspect=Perf|VerbForm=Inf|Voice=Mid	_	_	_	@ns1982m-words#@ns1982m#178.061#178.323
198	/	/	PUNCT	_	_	_	_	_	@ns1982m-words#@ns1982m#178.323#178.585
199	но	но	CCONJ	_	_	_	_	_	@ns1982m-words#@ns1982m#178.585#178.847
200	это	это	DET	_	Case=Nom|Gender=Neut|Number=Sing	_	_	_	@ns1982m-words#@ns1982m#178.847#179.109
201	абсолютно	абсолютно	ADV	_	Degree=Pos	_	_	_	@ns1982m-words#@ns1982m#179.109#179.371
202	стрижка	стрижка	NOUN	_	Animacy=Inan|Case=Nom|Gender=Fem|Number=Sing	_	_	_	@ns1982m-words#@ns1982m#179.371#179.633
203	Маяковского	Маяковский	PROPN	_	Animacy=Anim|Case=Gen|Gender=Masc|Number=Sing	_	_	_	@ns1982m-words#@ns1982m#179.633#179.91
204	сто	сто	NUM	_	_	_	_	_	@ns1982m-words#@ns1982m#180.447#180.85
205	процентов	процент	NOUN	_	Animacy=Inan|Case=Gen|Gender=Masc|Number=Plur	_	_	_	@ns1982m-words#@ns1982m#180.85#181.253
206	но	но	CCONJ	_	_	_	_	_	@ns1982m-words#@ns1982m#186.298#186.575
207	вы	вы	PRON	_	Case=Nom|Number=Plur|Person=2	_	_	_	@ns1982m-words#@ns1982m#186.575#186.852
208	фантастически	фантастически	ADV	_	Degree=Pos	_	_	_	@ns1982m-words#@ns1982m#186.852#187.129
209	похожи	похожий	ADJ	_	Degree=Pos|Number=Plur|Variant=Short	_	_	_	@ns1982m-words#@ns1982m#187.129#187.406
210	и	и	CCONJ	_	_	_	_	_	@ns1982m-words#@ns1982m#187.406#187.683
211	внешне	внешне	ADV	_	Degree=Pos	_	_	_	@ns1982m-words#@ns1982m#187.683#187.96
212	/	/	PUNCT	_	_	_	_	_	@ns1982m-words#@ns1982m#187.96#188.237
213	ну	ну	PART	_	_	_	_	_	@ns1982m-words#@ns1982m#188.237#188.514
214	просто	просто	PART	_	_	_	_	_	@ns1982m-words#@ns1982m#188.514#188.791
215	фантастически	фантастически	ADV	_	Degree=Pos	_	_	_	@ns1982m-words#@ns1982m#188.791#189.074
216	как	как	ADV	_	Degree=Pos	_	_	_	@ns1982m-words#@ns1982m#193.567#193.818
217	вы	вы	PRON	_	Case=Nom|Number=Plur|Person=2	_	_	_	@ns1982m-words#@ns1982m#193.818#194.069
218	относитесь	относиться	VERB	_	Aspect=Imp|Mood=Ind|Number=Plur|Person=2|Tense=Pres|VerbForm=Fin|Voice=Mid	_	_	_	@ns1982m-words#@ns1982m#194.069#194.32
219	к	к	ADP	_	_	_	_	_	@ns1982m-words#@ns1982m#194.32#194.571
220	творчеству	творчество	NOUN	_	Animacy=Inan|Case=Dat|Gender=Neut|Number=Sing	_	_	_	@ns1982m-words#@ns1982m#194.571#194.822
221	Маяковского	Маяковский	PROPN	_	Animacy=Anim|Case=Gen|Gender=Masc|Number=Sing	_	_	_	@ns1982m-words#@ns1982m#194.822#195.073
222	?	?	PUNCT	_	_	_	_	_	@ns1982m-words#@ns1982m#195.073#195.328
223	вы	вы	PRON	_	Case=Nom|Number=Plur|Person=2	_	_	_	@ns1982m-words#@ns1982m#221.417#221.643
224	часто	часто	ADV	_	Degree=Pos	_	_	_	@ns1982m-words#@ns1982m#221.643#221.869
225	ездите	ездить	VERB	_	Aspect=Imp|Mood=Ind|Number=Plur|Person=2|Tense=Pres|VerbForm=Fin|Voice=Act	_	_	_	@ns1982m-words#@ns1982m#221.869#222.095
226	в	в	ADP	_	_	_	_	_	@ns1982m-words#@ns1982m#222.095#222.321
227	Новокузнецк	Новокузнецк	PROPN	_	Animacy=Inan|Case=Acc|Gender=Masc|Number=Sing	_	_	_	@ns1982m-words#@ns1982m#222.321#222.547
228	?	?	PUNCT	_	_	_	_	_	@ns1982m-words#@ns1982m#222.547#222.776
229	почему	почему	ADV	_	Degree=Pos	_	_	_	@ns1982m-words#@ns1982m#226.014#226.245
230	?	?	PUNCT	_	_	_	_	_	@ns1982m-words#@ns1982m#226.245#226.477
231	а	а	CCONJ	_	_	_	_	_	@ns1982m-words#@ns1982m#238.805#239.032
232	туда	туда	ADV	_	Degree=Pos	_	_	_	@ns1982m-words#@ns1982m#239.032#239.259
233	охота	охота	ADV	_	Degree=Pos	_	_	_	@ns1982m-words#@ns1982m#239.259#239.486
234	возвращаться	возвращаться	VERB	_	Aspect=Imp|VerbForm=Inf|Voice=Mid	_	_	_	@ns1982m-words#@ns1982m#239.486#239.713
235	?	?	PUNCT	_	_	_	_	_	@ns1982m-words#@ns1982m#239.713#239.94
236	почему	почему	ADV	_	Degree=Pos	_	_	_	@ns1982m-words#@ns1982m#241.447#241.656
237	?	?	PUNCT	_	_	_	_	_	@ns1982m-words#@ns1982m#241.656#241.865
238	улица	улица	NOUN	_	Animacy=Inan|Case=Nom|Gender=Fem|Number=Sing	_	_	_	@ns1982m-words#@ns1982m#277.626#277.872
239	Ленина	Ленин	PROPN	_	Animacy=Anim|Case=Gen|Gender=Masc|Number=Sing	_	_	_	@ns1982m-words#@ns1982m#277.872#278.118
240	как	как	SCONJ	_	_	_	_	_	@ns1982m-words#@ns1982m#278.118#278.364
241	правило	правило	NOUN	_	Animacy=Inan|Case=Nom|Gender=Neut|Number=Sing	_	_	_	@ns1982m-words#@ns1982m#278.364#278.611
242	почему	почему	ADV	_	Degree=Pos	_	_	_	@nk1985m-words#@nk1985m#7.793#8.155
243	?	?	PUNCT	_	_	_	_	_	@nk1985m-words#@nk1985m#8.155#8.517
244	так	так	ADV	_	Degree=Pos	_	_	_	@nk1985m-words#@nk1985m#14.068#14.334
245	должно	должен	PRED	_	_	_	_	_	@nk1985m-words#@nk1985m#14.334#14.6
246	быть	быть	AUX	_	Aspect=Imp|VerbForm=Inf|Voice=Act	_	_	_	@nk1985m-words#@nk1985m#14.6#14.866
247	течение	течение	NOUN	_	Animacy=Inan|Case=Nom|Gender=Neut|Number=Sing	_	_	_	@nk1985m-words#@nk1985m#14.866#15.132
248	чтобы	чтобы	SCONJ	_	Mood=Cnd	_	_	_	@nk1985m-words#@nk1985m#15.132#15.398
249	было	быть	VERB	_	Aspect=Imp|Gender=Neut|Mood=Ind|Number=Sing|Tense=Past|VerbForm=Fin|Voice=Act	_	_	_	@nk1985m-words#@nk1985m#15.398#15.664
250	против	против	ADP	_	_	_	_	_	@nk1985m-words#@nk1985m#15.664#15.931
251	типа	типа	PART	_	_	_	_	_	@nk1985m-words#@nk1985m#15.965#16.175
252	надо	надо	PRED	_	_	_	_	_	@nk1985m-words#@nk1985m#16.175#16.385
253	войти	войти	VERB	_	Aspect=Perf|VerbForm=Inf|Voice=Act	_	_	_	@nk1985m-words#@nk1985m#16.385#16.595
254	в	в	ADP	_	_	_	_	_	@nk1985m-words#@nk1985m#16.595#16.805
255	реку	река	NOUN	_	Animacy=Inan|Case=Acc|Gender=Fem|Number=Sing	_	_	_	@nk1985m-words#@nk1985m#16.805#17.015
256	и	и	CCONJ	_	_	_	_	_	@nk1985m-words#@nk1985m#17.015#17.225
257	идти	идти	VERB	_	Aspect=Imp|VerbForm=Inf|Voice=Act	_	_	_	@nk1985m-words#@nk1985m#17.225#17.435
258	против	против	ADP	_	_	_	_	_	@nk1985m-words#@nk1985m#17.435#17.645
259	течения	течение	NOUN	_	Animacy=Inan|Case=Gen|Gender=Neut|Number=Sing	_	_	_	@nk1985m-words#@nk1985m#17.645#17.862
260	если	если	SCONJ	_	_	_	_	_	@nk1985m-words#@nk1985m#17.896#18.105
261	ты	ты	PRON	_	Case=Nom|Number=Sing|Person=2	_	_	_	@nk1985m-words#@nk1985m#18.105#18.314
262	стоишь	стоять	VERB	_	Aspect=Imp|Mood=Ind|Number=Sing|Person=2|Tense=Pres|VerbForm=Fin|Voice=Act	_	_	_	@nk1985m-words#@nk1985m#18.314#18.523
263	на	на	ADP	_	_	_	_	_	@nk1985m-words#@nk1985m#18.523#18.732
264	берегу	берег	NOUN	_	Animacy=Inan|Case=Loc|Gender=Masc|Number=Sing	_	_	_	@nk1985m-words#@nk1985m#18.732#18.941
265	как	как	ADV	_	Degree=Pos	_	_	_	@nk1985m-words#@nk1985m#18.941#19.15
266	бы	бы	PART	_	_	_	_	_	@nk1985m-words#@nk1985m#19.15#19.359
267	/	/	PUNCT	_	_	_	_	_	@nk1985m-words#@nk1985m#19.359#19.568
268	течения	течение	NOUN	_	Animacy=Inan|Case=Gen|Gender=Neut|Number=Sing	_	_	_	@nk1985m-words#@nk1985m#19.568#19.777
269	ты	ты	PRON	_	Case=Nom|Number=Sing|Person=2	_	_	_	@nk1985m-words#@nk1985m#19.777#19.986
270	не	не	PART	_	_	_	_	_	@nk1985m-words#@nk1985m#19.986#20.195
271	чувствуешь	чувствовать	VERB	_	Aspect=Imp|Mood=Ind|Number=Sing|Person=2|Tense=Pres|VerbForm=Fin|Voice=Act	_	_	_	@nk1985m-words#@nk1985m#20.195#20.413
272	идти	идти	VERB	_	Aspect=Imp|VerbForm=Inf|Voice=Act	_	_	_	@nk1985m-words#@nk1985m#20.448#20.74
273	вдоль	вдоль	ADP	_	_	_	_	_	@nk1985m-words#@nk1985m#20.74#21.032
274	берега	берег	NOUN	_	Animacy=Inan|Case=Gen|Gender=Masc|Number=Sing	_	_	_	@nk1985m-words#@nk1985m#21.032#21.324
275	в	в	ADP	_	_	_	_	_	@nk1985m-words#@nk1985m#21.324#21.616
276	обратную	обратный	ADJ	_	Case=Acc|Degree=Pos|Gender=Fem|Number=Sing	_	_	_	@nk1985m-words#@nk1985m#21.616#21.908
277	сторону	сторона	NOUN	_	Animacy=Inan|Case=Acc|Gender=Fem|Number=Sing	_	_	_	@nk1985m-words#@nk1985m#21.908#22.2
278	легко	легко	ADV	_	Degree=Pos	_	_	_	@nk1985m-words#@nk1985m#22.2#22.492
279	/	/	PUNCT	_	_	_	_	_	@nk1985m-words#@nk1985m#22.492#22.784
280	а	а	CCONJ	_	_	_	_	_	@nk1985m-words#@nk1985m#22.784#23.076
281	ты	ты	PRON	_	Case=Nom|Number=Sing|Person=2	_	_	_	@nk1985m-words#@nk1985m#23.076#23.368
282	вон	вон	PART	_	_	_	_	_	@nk1985m-words#@nk1985m#23.368#23.66
283	в	в	ADP	_	_	_	_	_	@nk1985m-words#@nk1985m#23.66#23.952
284	самую	самый	ADJ	_	Case=Acc|Degree=Pos|Gender=Fem|Number=Sing	_	_	_	@nk1985m-words#@nk1985m#23.952#24.244
285	воду	вода	NOUN	_	Animacy=Inan|Case=Acc|Gender=Fem|Number=Sing	_	_	_	@nk1985m-words#@nk1985m#24.244#24.536
286	влезь	влезть	ADP	_	_	_	_	_	@nk1985m-words#@nk1985m#24.536#24.828
287	/	/	PUNCT	_	_	_	_	_	@nk1985m-words#@nk1985m#24.828#25.12
288	и	и	CCONJ	_	_	_	_	_	@nk1985m-words#@nk1985m#25.12#25.412
289	иди	идти	VERB	_	Aspect=Imp|Mood=Imp|Number=Sing|Person=2|VerbForm=Fin|Voice=Act	_	_	_	@nk1985m-words#@nk1985m#25.412#25.704
290	там	там	ADV	_	Degree=Pos	_	_	_	@nk1985m-words#@nk1985m#25.704#26.0
291	к	к	ADP	_	_	_	_	_	@nk1985m-words#@nk1985m#27.137#27.372
292	сожалению	сожаление	NOUN	_	Animacy=Inan|Case=Dat|Gender=Neut|Number=Sing	_	_	_	@nk1985m-words#@nk1985m#27.372#27.607
293	вообще	вообще	ADV	_	Degree=Pos	_	_	_	@nk1985m-words#@nk1985m#27.607#27.842
294	не	не	PART	_	_	_	_	_	@nk1985m-words#@nk1985m#27.842#28.077
295	первый	первый	ADJ	_	Animacy=Inan|Case=Nom|Degree=Pos|Gender=Masc|Number=Sing	_	_	_	@nk1985m-words#@nk1985m#28.077#28.312
296	год	год	NOUN	_	Animacy=Inan|Case=Nom|Gender=Masc|Number=Sing	_	_	_	@nk1985m-words#@nk1985m#28.312#28.551
297	хотелось	хотеться	VERB	_	Aspect=Imp|Gender=Neut|Mood=Ind|Number=Sing|Tense=Past|VerbForm=Fin|Voice=Mid	_	_	_	@nk1985m-words#@nk1985m#28.758#29.04
298	бы	бы	PART	_	_	_	_	_	@nk1985m-words#@nk1985m#29.04#29.322
299	чтоб	чтобы	SCONJ	_	Mood=Cnd	_	_	_	@nk1985m-words#@nk1985m#29.322#29.604
300	мы	мы	PRON	_	Case=Nom|Number=Plur|Person=1	_	_	_	@nk1985m-words#@nk1985m#29.604#29.886
301	были	быть	AUX	_	Aspect=Imp|Mood=Ind|Number=Plur|Tense=Past|VerbForm=Fin|Voice=Act	_	_	_	@nk1985m-words#@nk1985m#29.886#30.168
302	эээ	эээ	INTJ	_	_	_	_	_	@nk1985m-words#@nk1985m#30.168#30.45
303	там	там	ADV	_	Degree=Pos	_	_	_	@nk1985m-words#@nk1985m#30.45#30.732
304	в	в	ADP	_	_	_	_	_	@nk1985m-words#@nk1985m#30.732#31.014
305	/	/	PUNCT	_	_	_	_	_	@nk1985m-words#@nk1985m#31.014#31.296
306	прошлогодние	прошлогодний	ADJ	_	Case=Nom|Degree=Pos|Number=Plur	_	_	_	@nk1985m-words#@nk1985m#31.296#31.585
307	молодые	молодой	ADJ	_	Case=Nom|Degree=Pos|Number=Plur	_	_	_	@nk1985m-words#@nk1985m#33.034#33.551
308	подающие	подавать	VERB	_	Aspect=Imp|Case=Nom|Number=Plur|Tense=Pres|VerbForm=Part|Voice=Act	_	_	_	@nk1985m-words#@nk1985m#33.551#34.068
309	много	много	ADV	_	Degree=Pos	_	_	_	@nk1985m-words#@nk1985m#34.068#34.383
310	много	много	ADV	_	Degree=Pos	_	_	_	@nk1985m-words#@nk1985m#34.383#34.698
311	нууу	ну	PART	_	_	_	_	_	@nk1985m-words#@nk1985m#34.698#35.013
312	/	/	PUNCT	_	_	_	_	_	@nk1985m-words#@nk1985m#35.013#35.328
313	ну	ну	PART	_	_	_	_	_	@nk1985m-words#@nk1985m#35.328#35.643
314	с	с	ADP	_	_	_	_	_	@nk1985m-words#@nk1985m#35.643#35.958
315	двенадцатого	двенадцатый	ADJ	_	Case=Gen|Degree=Pos|Gender=Masc|Number=Sing	_	_	_	@nk1985m-words#@nk1985m#35.958#36.273
316	года	год	NOUN	_	Animacy=Inan|Case=Gen|Gender=Masc|Number=Sing	_	_	_	@nk1985m-words#@nk1985m#36.273#36.588
317	допустим	допустить	VERB	_	Aspect=Perf|Mood=Ind|Number=Plur|Person=1|Tense=Fut|VerbForm=Fin|Voice=Act	_	_	_	@nk1985m-words#@nk1985m#36.588#36.903
318	с	с	ADP	_	_	_	_	_	@nk1985m-words#@nk1985m#36.903#37.218
319	конца	конец	NOUN	_	Animacy=Inan|Case=Gen|Gender=Masc|Number=Sing	_	_	_	@nk1985m-words#@nk1985m#37.218#37.533
320	двенадцатого	двенадцатый	ADJ	_	Case=Gen|Degree=Pos|Gender=Masc|Number=Sing	_	_	_	@nk1985m-words#@nk1985m#37.533#37.848
321	года	год	NOUN	_	Animacy=Inan|Case=Gen|Gender=Masc|Number=Sing	_	_	_	@nk1985m-words#@nk1985m#37.848#38.172
322	и	и	CCONJ	_	_	_	_	_	@nk1985m-words#@nk1985m#56.724#57.017
323	?	?	PUNCT	_	_	_	_	_	@nk1985m-words#@nk1985m#57.017#57.31
324	да	да	PART	_	_	_	_	_	@nk1985m-words#@nk1985m#59.827#60.309
325	мне	я	PRON	_	Case=Dat|Number=Sing|Person=1	_	_	_	@nk1985m-words#@nk1985m#60.309#60.791
326	не	не	PART	_	_	_	_	_	@nk1985m-words#@nk1985m#60.791#61.275
327	ну	ну	PART	_	_	_	_	_	@nk1985m-words#@nk1985m#70.827#71.091
328	это	это	DET	_	Case=Nom|Gender=Neut|Number=Sing	_	_	_	@nk1985m-words#@nk1985m#71.091#71.355
329	как-то	как-то	ADV	_	Degree=Pos	_	_	_	@nk1985m-words#@nk1985m#71.355#71.619
330	очень	очень	ADV	_	Degree=Pos	_	_	_	@nk1985m-words#@nk1985m#71.619#71.883
331	просто	просто	PART	_	_	_	_	_	@nk1985m-words#@nk1985m#71.883#72.147
332	/	/	PUNCT	_	_	_	_	_	@nk1985m-words#@nk1985m#72.147#72.411
333	вам	вы	PRON	_	Case=Dat|Number=Plur|Person=2	_	_	_	@nk1985m-words#@nk1985m#72.411#72.675
334	не	не	PART	_	_	_	_	_	@nk1985m-words#@nk1985m#72.675#72.939
335	кажется	казаться	VERB	_	Aspect=Imp|Mood=Ind|Number=Sing|Person=3|Tense=Pres|VerbForm=Fin|Voice=Mid	_	_	_	@nk1985m-words#@nk1985m#72.939#73.203
336	?	?	PUNCT	_	_	_	_	_	@nk1985m-words#@nk1985m#73.203#73.467
337	то	то	PRON	_	Animacy=Inan|Case=Nom|Gender=Neut|Number=Sing	_	_	_	@nk1985m-words#@nk1985m#73.467#73.731
338	есть	быть	VERB	_	Aspect=Imp|Mood=Ind|Number=Sing|Person=3|Tense=Pres|VerbForm=Fin|Voice=Act	_	_	_	@nk1985m-words#@nk1985m#73.731#73.995
339	это	это	DET	_	Case=Nom|Gender=Neut|Number=Sing	_	_	_	@nk1985m-words#@nk1985m#73.995#74.259
340	очень	очень	ADV	_	Degree=Pos	_	_	_	@nk1985m-words#@nk1985m#74.259#74.523
341	эээм	эм	INTJ	_		_	_	_	@nk1985m-words#@nk1985m#74.523#74.793
342	я	я	PRON	_	Case=Nom|Number=Sing|Person=1	_	_	_	@nk1985m-words#@nk1985m#74.793#75.118
343	вообще	вообще	ADV	_	Degree=Pos	_	_	_	@nk1985m-words#@nk1985m#75.118#75.443
344	очень	очень	ADV	_	Degree=Pos	_	_	_	@nk1985m-words#@nk1985m#75.443#75.768
345	рад	рад	ADJ	_	Degree=Pos|Gender=Masc|Number=Sing|Variant=Short	_	_	_	@nk1985m-words#@nk1985m#75.768#76.093
346	что	что	SCONJ	_	_	_	_	_	@nk1985m-words#@nk1985m#76.093#76.418
347	как	как	ADV	_	Degree=Pos	_	_	_	@nk1985m-words#@nk1985m#76.418#76.743
348	бы	бы	PART	_	_	_	_	_	@nk1985m-words#@nk1985m#76.743#77.068
349	/	/	PUNCT	_	_	_	_	_	@nk1985m-words#@nk1985m#77.068#77.393
350	ммм	ммм	X	_	_	_	_	_	@nk1985m-words#@nk1985m#77.393#77.724
351	был	быть	VERB	_	Aspect=Imp|Gender=Masc|Mood=Ind|Number=Sing|Tense=Past|VerbForm=Fin|Voice=Act	_	_	_	@nk1985m-words#@nk1985m#78.827#79.378
352	/	/	PUNCT	_	_	_	_	_	@nk1985m-words#@nk1985m#79.378#79.929
353	была	быть	AUX	_	Aspect=Imp|Gender=Fem|Mood=Ind|Number=Sing|Tense=Past|VerbForm=Fin|Voice=Act	_	_	_	@nk1985m-words#@nk1985m#79.929#80.48
354	определённая	определённый	ADJ	_	Case=Nom|Degree=Pos|Gender=Fem|Number=Sing	_	_	_	@nk1985m-words#@nk1985m#80.48#81.031
355	обратная	обратный	ADJ	_	Case=Nom|Degree=Pos|Gender=Fem|Number=Sing	_	_	_	@nk1985m-words#@nk1985m#81.031#81.582
356	связь	связь	NOUN	_	Animacy=Inan|Case=Nom|Gender=Fem|Number=Sing	_	_	_	@nk1985m-words#@nk1985m#81.582#82.133
357	эээ	эээ	INTJ	_	_	_	_	_	@nk1985m-words#@nk1985m#82.133#82.689
358	в	в	ADP	_	_	_	_	_	@nk1985m-words#@nk1985m#82.689#83.058
359	среде	среда	NOUN	_	Animacy=Inan|Case=Loc|Gender=Fem|Number=Sing	_	_	_	@nk1985m-words#@nk1985m#83.058#83.427
360	эээм	эм	INTJ	_		_	_	_	@nk1985m-words#@nk1985m#83.427#83.796
361	/	/	PUNCT	_	_	_	_	_	@nk1985m-words#@nk1985m#83.796#84.165
362	людей	человек	NOUN	_	Animacy=Anim|Case=Gen|Gender=Masc|Number=Plur	_	_	_	@nk1985m-words#@nk1985m#84.165#84.534
363	слушающих	слушать	VERB	_	Aspect=Imp|Case=Gen|Number=Plur|Tense=Pres|VerbForm=Part|Voice=Act	_	_	_	@nk1985m-words#@nk1985m#84.534#84.903
364	наш	наш	DET	_	Case=Acc|Gender=Masc|Number=Sing	_	_	_	@nk1985m-words#@nk1985m#84.903#85.272
365	коллектив	коллектив	NOUN	_	Animacy=Inan|Case=Acc|Gender=Masc|Number=Sing	_	_	_	@nk1985m-words#@nk1985m#85.272#85.641
366	эм	эм	INTJ	_	_	_	_	_	@nk1985m-words#@nk1985m#85.641#86.01
367	/	/	PUNCT	_	_	_	_	_	@nk1985m-words#@nk1985m#86.01#86.379
368	которым	который	PRON	_	Case=Dat|Num=Plur	_	_	_	@nk1985m-words#@nk1985m#86.379#86.748
369	было	быть	AUX	_	Aspect=Imp|Gender=Neut|Mood=Ind|Number=Sing|Tense=Past|VerbForm=Fin|Voice=Act	_	_	_	@nk1985m-words#@nk1985m#86.748#87.117
370	обидно	обидно	ADV	_	Degree=Pos	_	_	_	@nk1985m-words#@nk1985m#87.117#87.486
371	/	/	PUNCT	_	_	_	_	_	@nk1985m-words#@nk1985m#87.486#87.855
372	они	они	PRON	_	Case=Nom|Number=Plur|Person=3	_	_	_	@nk1985m-words#@nk1985m#87.855#88.224
373	как	как	ADV	_	Degree=Pos	_	_	_	@nk1985m-words#@nk1985m#88.224#88.593
374	будто	будто	PART	_	_	_	_	_	@nk1985m-words#@nk1985m#88.593#88.962
375	бы	бы	PART	_	Mood=Cnd	_	_	_	@nk1985m-words#@nk1985m#88.962#89.331
376	почувствовали	почувствовать	VERB	_	Aspect=Perf|Mood=Ind|Number=Plur|Tense=Past|VerbForm=Fin|Voice=Act	_	_	_	@nk1985m-words#@nk1985m#89.331#89.7
377	предательство	предательство	NOUN	_	Animacy=Inan|Case=Acc|Gender=Neut|Number=Sing	_	_	_	@nk1985m-words#@nk1985m#89.7#90.069
378	/	/	PUNCT	_	_	_	_	_	@nk1985m-words#@nk1985m#90.069#90.438
379	брата	брат	NOUN	_	Animacy=Anim|Case=Gen|Gender=Masc|Number=Sing	_	_	_	@nk1985m-words#@nk1985m#90.438#90.827
380	ээм	ээм	INTJ	_	_	_	_	_	@nk1985m-words#@nk1985m#90.827#91.106
381	/	/	PUNCT	_	_	_	_	_	@nk1985m-words#@nk1985m#91.106#91.385
382	и	и	CCONJ	_	_	_	_	_	@nk1985m-words#@nk1985m#91.385#91.664
383	и	и	CCONJ	_	_	_	_	_	@nk1985m-words#@nk1985m#91.664#91.943
384	видимо	видимо	ADV	_	Degree=Pos	_	_	_	@nk1985m-words#@nk1985m#91.943#92.222
385	в	в	ADP	_	_	_	_	_	@nk1985m-words#@nk1985m#92.222#92.501
386	народе	народ	NOUN	_	Animacy=Inan|Case=Loc|Gender=Masc|Number=Sing	_	_	_	@nk1985m-words#@nk1985m#92.501#92.78
387	в	в	ADP	_	_	_	_	_	@nk1985m-words#@nk1985m#92.78#93.059
388	/	/	PUNCT	_	_	_	_	_	@nk1985m-words#@nk1985m#93.059#93.338
389	в	в	ADP	_	_	_	_	_	@nk1985m-words#@nk1985m#93.338#93.617
390	нашем	наш	DET	_	Case=Loc|Gender=Neut|Number=Sing	_	_	_	@nk1985m-words#@nk1985m#93.617#93.896
391	отечественном	отечественный	ADJ	_	Case=Loc|Degree=Pos|Gender=Neut|Number=Sing	_	_	_	@nk1985m-words#@nk1985m#93.896#94.175
392	сидит	сидеть	VERB	_	Aspect=Imp|Mood=Ind|Number=Sing|Person=3|Tense=Pres|VerbForm=Fin|Voice=Act	_	_	_	@nk1985m-words#@nk1985m#94.175#94.454
393	вот	вот	PART	_	_	_	_	_	@nk1985m-words#@nk1985m#94.454#94.733
394	это	это	DET	_	Case=Nom|Gender=Neut|Number=Sing	_	_	_	@nk1985m-words#@nk1985m#94.733#95.012
395	вот	вот	PART	_	_	_	_	_	@nk1985m-words#@nk1985m#95.012#95.291
396	желание	желание	NOUN	_	Animacy=Inan|Case=Nom|Gender=Neut|Number=Sing	_	_	_	@nk1985m-words#@nk1985m#95.291#95.57
397	вот	вот	PART	_	_	_	_	_	@nk1985m-words#@nk1985m#95.57#95.849
398	вот	вот	PART	_	_	_	_	_	@nk1985m-words#@nk1985m#95.849#96.128
399	всему	всё	DET	_	Case=Dat|Gender=Masc|Number=Sing	_	_	_	@nk1985m-words#@nk1985m#96.128#96.407
400	там	там	PART	_	_	_	_	_	@nk1985m-words#@nk1985m#96.407#96.686
401	столичному	столичный	ADJ	_	Case=Dat|Degree=Pos|Gender=Masc|Number=Sing	_	_	_	@nk1985m-words#@nk1985m#96.686#96.965
402	вот	вот	PART	_	_	_	_	_	@nk1985m-words#@nk1985m#96.965#97.244
403	там	там	PART	_	_	_	_	_	@nk1985m-words#@nk1985m#97.244#97.523
404	вот	вот	PART	_	_	_	_	_	@nk1985m-words#@nk1985m#97.523#97.802
405	/	/	PUNCT	_	_	_	_	_	@nk1985m-words#@nk1985m#97.802#98.081
406	околокремлёвскому	околокремлёвский	ADJ	_	Case=Dat|Degree=Pos|Gender=Masc|Number=Sing	_	_	_	@nk1985m-words#@nk1985m#98.081#98.36
407	/	/	PUNCT	_	_	_	_	_	@nk1985m-words#@nk1985m#98.36#98.639
408	эээ	эээ	INTJ	_	_	_	_	_	@nk1985m-words#@nk1985m#98.639#98.918
409	у	у	ADP	_	_	_	_	_	@nk1985m-words#@nk1985m#98.918#99.197
410	провластному	провластный	ADJ	_	Case=Dat|Degree=Pos|Gender=Masc|Number=Sing	_	_	_	@nk1985m-words#@nk1985m#99.197#99.476
411	вот	вот	PART	_	_	_	_	_	@nk1985m-words#@nk1985m#99.476#99.755
412	там	там	PART	_	_	_	_	_	@nk1985m-words#@nk1985m#99.755#100.034
413	вот	вот	PART	_	_	_	_	_	@nk1985m-words#@nk1985m#100.034#100.313
414	/	/	PUNCT	_	_	_	_	_	@nk1985m-words#@nk1985m#100.313#100.592
415	нож	нож	NOUN	_	Animacy=Inan|Case=Nom|Gender=Masc|Number=Sing	_	_	_	@nk1985m-words#@nk1985m#100.592#100.871
416	в	в	ADP	_	_	_	_	_	@nk1985m-words#@nk1985m#100.871#101.15
417	спину	спина	NOUN	_	Animacy=Inan|Case=Acc|Gender=Fem|Number=Sing	_	_	_	@nk1985m-words#@nk1985m#101.15#101.429
418	вставить	вставить	VERB	_	Aspect=Perf|VerbForm=Inf|Voice=Act	_	_	_	@nk1985m-words#@nk1985m#101.429#101.708
419	/	/	PUNCT	_	_	_	_	_	@nk1985m-words#@nk1985m#101.708#101.987
420	как-то	как-то	ADV	_	Degree=Pos	_	_	_	@nk1985m-words#@nk1985m#101.987#102.275
421	и	и	PART	_	_	_	_	_	@nk1985m-words#@nk1985m#102.275#102.481
422	вот	вот	PART	_	_	_	_	_	@nk1985m-words#@nk1985m#102.481#102.687
423	хотя	хотя	PART	_	_	_	_	_	@nk1985m-words#@nk1985m#102.687#102.893
424	бы	бы	PART	_	_	_	_	_	@nk1985m-words#@nk1985m#102.893#103.099
425	вот	вот	PART	_	_	_	_	_	@nk1985m-words#@nk1985m#103.099#103.305
426	мы	мы	PRON	_	Case=Nom|Number=Plur|Person=1	_	_	_	@nk1985m-words#@nk1985m#103.305#103.511
427	бы	бы	PART	_	_	_	_	_	@nk1985m-words#@nk1985m#103.511#103.717
428	это	это	PRON	_	Animacy=Inan|Case=Acc|Gender=Neut|Number=Sing	_	_	_	@nk1985m-words#@nk1985m#103.717#103.923
429	б	бы	PART	_	_	_	_	_	@nk1985m-words#@nk1985m#103.923#104.129
430	сделали	сделать	VERB	_	Aspect=Perf|Mood=Cnd|Number=Plur|Tense=Past|VerbForm=Fin|Voice=Act	_	_	_	@nk1985m-words#@nk1985m#104.129#104.335
431	/	/	PUNCT	_	_	_	_	_	@nk1985m-words#@nk1985m#104.335#104.541
432	а	а	CCONJ	_	_	_	_	_	@nk1985m-words#@nk1985m#104.541#104.747
433	мы	мы	PRON	_	Case=Nom|Number=Plur|Person=1	_	_	_	@nk1985m-words#@nk1985m#104.747#104.953
434	этого	это	PRON	_	Animacy=Inan|Case=Gen|Gender=Neut|Number=Sing	_	_	_	@nk1985m-words#@nk1985m#104.953#105.159
435	не	не	PART	_	_	_	_	_	@nk1985m-words#@nk1985m#105.159#105.365
436	сделали	сделать	VERB	_	Aspect=Perf|Mood=Ind|Number=Plur|Tense=Past|VerbForm=Fin|Voice=Act	_	_	_	@nk1985m-words#@nk1985m#105.365#105.571
437	/	/	PUNCT	_	_	_	_	_	@nk1985m-words#@nk1985m#105.571#105.777
438	и	и	CCONJ	_	_	_	_	_	@nk1985m-words#@nk1985m#105.777#105.983
439	такое	такой	DET	_	Case=Nom|Gender=Neut|Number=Sing	_	_	_	@nk1985m-words#@nk1985m#105.983#106.189
440	разочарование	разочарование	NOUN	_	Animacy=Inan|Case=Nom|Gender=Neut|Number=Sing	_	_	_	@nk1985m-words#@nk1985m#106.189#106.413
441	не	не	PART	_	_	_	_	_	@nk1985m-words#@nk1985m#107.344#107.55
442	стали	стать	VERB	_	Aspect=Perf|Mood=Ind|Number=Plur|Tense=Past|VerbForm=Fin|Voice=Mid	_	_	_	@nk1985m-words#@nk1985m#107.55#107.756
443	мы	мы	PRON	_	Case=Nom|Number=Plur|Person=1	_	_	_	@nk1985m-words#@nk1985m#107.756#107.962
444	орудием	орудие	NOUN	_	Animacy=Inan|Case=Ins|Gender=Neut|Number=Sing	_	_	_	@nk1985m-words#@nk1985m#107.962#108.168
445	в	в	ADP	_	_	_	_	_	@nk1985m-words#@nk1985m#108.168#108.374
446	их	их	DET	_	_	_	_	_	@nk1985m-words#@nk1985m#108.374#108.58
447	руках	рука	NOUN	_	Animacy=Inan|Case=Loc|Gender=Fem|Number=Plur	_	_	_	@nk1985m-words#@nk1985m#108.58#108.786
448	ну	ну	PART	_	_	_	_	_	@nk1985m-words#@nk1985m#108.786#108.999
449	мне	я	PRON	_	Case=Dat|Number=Sing|Person=1	_	_	_	@nk1985m-words#@nk1985m#109.793#109.997
450	кажется	казаться	VERB	_	Aspect=Imp|Mood=Ind|Number=Sing|Person=3|Tense=Pres|VerbForm=Fin|Voice=Mid	_	_	_	@nk1985m-words#@nk1985m#109.997#110.201
451	важно	важно	PRED	_	_	_	_	_	@nk1985m-words#@nk1985m#110.201#110.405
452	не	не	PART	_	_	_	_	_	@nk1985m-words#@nk1985m#110.405#110.609
453	стать	стать	VERB	_	Aspect=Perf|VerbForm=Inf|Voice=Mid	_	_	_	@nk1985m-words#@nk1985m#110.609#110.813
454	орудием	орудие	NOUN	_	Animacy=Inan|Case=Ins|Gender=Neut|Number=Sing	_	_	_	@nk1985m-words#@nk1985m#110.813#111.017
455	ни	ни	CCONJ	_	_	_	_	_	@nk1985m-words#@nk1985m#111.017#111.221
456	в	в	ADP	_	_	_	_	_	@nk1985m-words#@nk1985m#111.221#111.425
457	их	их	DET	_	_	_	_	_	@nk1985m-words#@nk1985m#111.425#111.629
458	руках	рука	NOUN	_	Animacy=Inan|Case=Loc|Gender=Fem|Number=Plur	_	_	_	@nk1985m-words#@nk1985m#111.629#111.833
459	ни	ни	CCONJ	_	_	_	_	_	@nk1985m-words#@nk1985m#111.833#112.037
460	в	в	ADP	_	_	_	_	_	@nk1985m-words#@nk1985m#112.037#112.241
461	других	другой	ADJ	_	Case=Loc|Degree=Pos|Number=Plur	_	_	_	@nk1985m-words#@nk1985m#112.241#112.445
462	руках	рука	NOUN	_	Animacy=Inan|Case=Loc|Gender=Fem|Number=Plur	_	_	_	@nk1985m-words#@nk1985m#112.445#112.649
463	в	в	ADP	_	_	_	_	_	@nk1985m-words#@nk1985m#112.649#112.853
464	этом	этот	DET	_	Case=Loc|Gender=Masc|Number=Sing	_	_	_	@nk1985m-words#@nk1985m#112.853#113.057
465	смысле	смысл	NOUN	_	Animacy=Inan|Case=Loc|Gender=Masc|Number=Sing	_	_	_	@nk1985m-words#@nk1985m#113.057#113.275
466	наши	наш	DET	_	Case=Nom|Number=Plur	_	_	_	@nk1985m-words#@nk1985m#113.517#113.745
467	творческие	творческий	ADJ	_	Case=Nom|Degree=Pos|Number=Plur	_	_	_	@nk1985m-words#@nk1985m#113.745#113.973
468	задачи	задача	NOUN	_	Animacy=Inan|Case=Nom|Gender=Fem|Number=Plur	_	_	_	@nk1985m-words#@nk1985m#113.973#114.201
469	реализовывались	реализовываться	VERB	_	Aspect=Imp|Mood=Ind|Number=Plur|Tense=Past|VerbForm=Fin|Voice=Mid	_	_	_	@nk1985m-words#@nk1985m#114.201#114.429
470	на	на	ADP	_	_	_	_	_	@nk1985m-words#@nk1985m#114.429#114.657
471	этой	этот	DET	_	Case=Loc|Gender=Fem|Number=Sing	_	_	_	@nk1985m-words#@nk1985m#114.657#114.885
472	площадке	площадка	NOUN	_	Animacy=Inan|Case=Loc|Gender=Fem|Number=Sing	_	_	_	@nk1985m-words#@nk1985m#114.885#115.113
473	так	так	SCONJ	_	_	_	_	_	@nk1985m-words#@nk1985m#115.113#115.341
474	же	же	PART	_	_	_	_	_	@nk1985m-words#@nk1985m#115.341#115.569
475	как	как	SCONJ	_	_	_	_	_	@nk1985m-words#@nk1985m#115.569#115.797
476	они	они	PRON	_	Case=Nom|Number=Plur|Person=3	_	_	_	@nk1985m-words#@nk1985m#115.797#116.025
477	реализовываются	реализовываться	VERB	_	Aspect=Imp|Mood=Ind|Number=Plur|Person=3|Tense=Pres|VerbForm=Fin|Voice=Mid	_	_	_	@nk1985m-words#@nk1985m#116.025#116.253
478	на	на	ADP	_	_	_	_	_	@nk1985m-words#@nk1985m#116.253#116.481
479	этой	этот	DET	_	Case=Loc|Gender=Fem|Number=Sing	_	_	_	@nk1985m-words#@nk1985m#116.481#116.709
480	площадке	площадка	NOUN	_	Animacy=Inan|Case=Loc|Gender=Fem|Number=Sing	_	_	_	@nk1985m-words#@nk1985m#116.709#116.937
481	или	или	CCONJ	_	_	_	_	_	@nk1985m-words#@nk1985m#116.937#117.165
482	на	на	ADP	_	_	_	_	_	@nk1985m-words#@nk1985m#117.165#117.393
483	какой-нибудь	какой-нибудь	DET	_	Case=Loc|Gender=Fem|Number=Sing	_	_	_	@nk1985m-words#@nk1985m#117.393#117.621
484	другой	другой	ADJ	_	Case=Loc|Degree=Pos|Gender=Fem|Number=Sing	_	_	_	@nk1985m-words#@nk1985m#117.621#117.862
485	какая	какой	DET	_	Case=Nom|Gender=Fem|Number=Sing	_	_	_	@nk1985m-words#@nk1985m#117.862#118.18
486	разница	разница	NOUN	_	Animacy=Inan|Case=Nom|Gender=Fem|Number=Sing	_	_	_	@nk1985m-words#@nk1985m#118.18#118.498
487	иногда	иногда	ADV	_	Degree=Pos	_	_	_	@nk1985m-words#@nk1985m#118.498#118.816
488	в	в	ADP	_	_	_	_	_	@nk1985m-words#@nk1985m#118.816#119.134
489	общем-то	общем-то	DET	_	Case=Loc|Gender=Masc|Number=Sing	_	_	_	@nk1985m-words#@nk1985m#119.134#119.452
490	мы	мы	PRON	_	Case=Nom|Number=Plur|Person=1	_	_	_	@nk1985m-words#@nk1985m#119.452#119.77
491	этого	это	PRON	_	Animacy=Inan|Case=Gen|Gender=Neut|Number=Sing	_	_	_	@nk1985m-words#@nk1985m#119.77#120.088
492	не	не	PART	_	_	_	_	_	@nk1985m-words#@nk1985m#120.088#120.406
493	замечаем	замечать	VERB	_	Aspect=Imp|Mood=Ind|Number=Plur|Person=1|Tense=Pres|VerbForm=Fin|Voice=Act	_	_	_	@nk1985m-words#@nk1985m#120.406#120.724
494	если	если	SCONJ	_	_	_	_	_	@nk1985m-words#@nk1985m#120.724#120.985
495	бы	бы	PART	_	_	_	_	_	@nk1985m-words#@nk1985m#120.985#121.246
496	нас	мы	PRON	_	Case=Acc|Number=Plur|Person=1	_	_	_	@nk1985m-words#@nk1985m#121.246#121.507
497	как-то	как-то	ADV	_	Degree=Pos	_	_	_	@nk1985m-words#@nk1985m#121.507#121.768
498	цензурировали	цензурировать	VERB	_	Aspect=Imp|Mood=Ind|Number=Plur|Tense=Past|VerbForm=Fin|Voice=Act	_	_	_	@nk1985m-words#@nk1985m#121.768#122.029
499	если	если	SCONJ	_	_	_	_	_	@nk1985m-words#@nk1985m#122.029#122.29
500	бы	бы	PART	_	_	_	_	_	@nk1985m-words#@nk1985m#122.29#122.551
501	нас	мы	PRON	_	Case=Acc|Number=Plur|Person=1	_	_	_	@nk1985m-words#@nk1985m#122.551#122.812
502	как-то	как-то	ADV	_	Degree=Pos	_	_	_	@nk1985m-words#@nk1985m#122.812#123.073
503	рамировали	рамировать	VERB	_	Aspect=Imp|Mood=Ind|Number=Plur|Tense=Past|VerbForm=Fin|Voice=Act	_	_	_	@nk1985m-words#@nk1985m#123.073#123.334
504	нас	мы	PRON	_	Case=Acc|Number=Plur|Person=1	_	_	_	@nk1985m-words#@nk1985m#123.334#123.595
505	бы	бы	PART	_	_	_	_	_	@nk1985m-words#@nk1985m#123.595#123.856
506	это	это	PRON	_	Animacy=Inan|Case=Nom|Gender=Neut|Number=Sing	_	_	_	@nk1985m-words#@nk1985m#123.856#124.117
507	напрягло	напрячь	VERB	_	Aspect=Imp|Gender=Neut|Mood=Ind|Number=Sing|Tense=Past|VerbForm=Fin|Voice=Act	_	_	_	@nk1985m-words#@nk1985m#124.117#124.379
508	да	да	PART	_	_	_	_	_	@nk1985m-words#@nk1985m#124.379#124.708
509	даже	даже	PART	_	_	_	_	_	@nk1985m-words#@nk1985m#124.708#125.037
510	если	если	SCONJ	_	_	_	_	_	@nk1985m-words#@nk1985m#125.037#125.366
511	бы	бы	PART	_	_	_	_	_	@nk1985m-words#@nk1985m#125.366#125.695
512	нас	мы	PRON	_	Case=Acc|Number=Plur|Person=1	_	_	_	@nk1985m-words#@nk1985m#125.695#126.024
513	рамировали	рамировать	VERB	_	Aspect=Imp|Mood=Ind|Number=Plur|Tense=Past|VerbForm=Fin|Voice=Act	_	_	_	@nk1985m-words#@nk1985m#126.024#126.353
514	цензурировали	цензурировать	VERB	_	Aspect=Imp|Mood=Ind|Number=Plur|Tense=Past|VerbForm=Fin|Voice=Act	_	_	_	@nk1985m-words#@nk1985m#126.353#126.682
515	это	это	PRON	_	Animacy=Inan|Case=Acc|Gender=Neut|Number=Sing	_	_	_	@nk1985m-words#@nk1985m#126.682#127.011
516	же	же	PART	_	_	_	_	_	@nk1985m-words#@nk1985m#127.011#127.34
517	круто	круто	ADJ	_	Degree=Pos|Gender=Neut|Number=Sing|Variant=Short	_	_	_	@nk1985m-words#@nk1985m#127.34#127.669
518	/	/	PUNCT	_	_	_	_	_	@nk1985m-words#@nk1985m#127.669#127.998
519	это	это	PRON	_	Animacy=Inan|Case=Nom|Gender=Neut|Number=Sing	_	_	_	@nk1985m-words#@nk1985m#127.998#128.327
520	вообще	вообще	ADV	_	Degree=Pos	_	_	_	@nk1985m-words#@nk1985m#128.327#128.656
521	как	как	ADV	_	Degree=Pos	_	_	_	@nk1985m-words#@nk1985m#128.656#128.985
522	бы	бы	PART	_	_	_	_	_	@nk1985m-words#@nk1985m#128.985#129.314
523	эммм	эм	INTJ	_	_	_	_	_	@nk1985m-words#@nk1985m#129.314#129.655
524	различные	различный	ADJ	_	Case=Nom|Degree=Pos|Number=Plur	_	_	_	@nk1985m-words#@nk1985m#130.034#130.423
525	вот	вот	PART	_	_	_	_	_	@nk1985m-words#@nk1985m#130.423#130.812
526	эти	этот	DET	_	Case=Nom|Number=Plur	_	_	_	@nk1985m-words#@nk1985m#130.812#131.201
527	убогие	убогий	ADJ	_	Case=Nom|Degree=Pos|Number=Plur	_	_	_	@nk1985m-words#@nk1985m#131.201#131.59
528	условия	условие	NOUN	_	Animacy=Inan|Case=Nom|Gender=Neut|Number=Plur	_	_	_	@nk1985m-words#@nk1985m#131.59#131.979
529	телевизионных	телевизионный	ADJ	_	Case=Gen|Degree=Pos|Number=Plur	_	_	_	@nk1985m-words#@nk1985m#131.979#132.368
530	шоу	шоу	NOUN	_	Animacy=Inan|Case=Gen|Gender=Neut|Number=Sing	_	_	_	@nk1985m-words#@nk1985m#132.368#132.758
531	они	они	PRON	_	Case=Nom|Number=Plur|Person=3	_	_	_	@nk1985m-words#@nk1985m#132.758#133.15
532	стали	стать	VERB	_	Aspect=Perf|Mood=Ind|Number=Plur|Tense=Past|VerbForm=Fin|Voice=Mid	_	_	_	@nk1985m-words#@nk1985m#133.15#133.542
533	основой	основа	NOUN	_	Animacy=Inan|Case=Ins|Gender=Fem|Number=Sing	_	_	_	@nk1985m-words#@nk1985m#133.542#133.934
534	для	для	ADP	_	_	_	_	_	@nk1985m-words#@nk1985m#133.934#134.326
535	крутых	крутой	ADJ	_	Case=Gen|Degree=Pos|Number=Plur	_	_	_	@nk1985m-words#@nk1985m#134.326#134.718
536	каких-то	какой-то	DET	_	Case=Gen|Number=Plur	_	_	_	@nk1985m-words#@nk1985m#134.718#135.11
537	музыкальных	музыкальный	ADJ	_	Case=Gen|Degree=Pos|Number=Plur	_	_	_	@nk1985m-words#@nk1985m#135.11#135.502
538	решений	решение	NOUN	_	Animacy=Inan|Case=Gen|Gender=Neut|Number=Plur	_	_	_	@nk1985m-words#@nk1985m#135.502#135.896
539	там	там	ADV	_	Degree=Pos	_	_	_	@nk1985m-words#@nk1985m#135.896#136.237
540	эээ	эээ	INTJ	_		_	_	_	@nk1985m-words#@nk1985m#136.237#136.578
541	/	/	PUNCT	_	_	_	_	_	@nk1985m-words#@nk1985m#136.578#136.919
542	как	как	SCONJ	_	_	_	_	_	@nk1985m-words#@nk1985m#136.919#137.26
543	один	один	NUM	_	_	_	_	_	@nk1985m-words#@nk1985m#137.26#137.601
544	музыкант	музыкант	NOUN	_	Animacy=Anim|Case=Nom|Gender=Masc|Number=Sing	_	_	_	@nk1985m-words#@nk1985m#137.601#137.942
545	из	из	ADP	_	_	_	_	_	@nk1985m-words#@nk1985m#137.942#138.283
546	там	там	ADV	_	Degree=Pos	_	_	_	@nk1985m-words#@nk1985m#138.283#138.624
547	из	из	ADP	_	_	_	_	_	@nk1985m-words#@nk1985m#138.624#138.965
548	группы	группа	NOUN	_	Animacy=Inan|Case=Gen|Gender=Fem|Number=Sing	_	_	_	@nk1985m-words#@nk1985m#138.965#139.306
549	Смитс	Смитс	PROPN	_	Animacy=Inan|Case=Nom|Gender=Masc|Number=Sing	_	_	_	@nk1985m-words#@nk1985m#139.306#139.647
550	/	/	PUNCT	_	_	_	_	_	@nk1985m-words#@nk1985m#139.647#139.988
551	принципиально	принципиально	ADV	_	Degree=Pos	_	_	_	@nk1985m-words#@nk1985m#139.988#140.329
552	не	не	PART	_	_	_	_	_	@nk1985m-words#@nk1985m#140.329#140.67
553	пел	петь	VERB	_	Aspect=Imp|Gender=Masc|Mood=Ind|Number=Sing|Tense=Past|VerbForm=Fin|Voice=Act	_	_	_	@nk1985m-words#@nk1985m#140.67#141.011
554	в	в	ADP	_	_	_	_	_	@nk1985m-words#@nk1985m#141.011#141.352
555	микрофон	микрофон	NOUN	_	Animacy=Inan|Case=Acc|Gender=Masc|Number=Sing	_	_	_	@nk1985m-words#@nk1985m#141.352#141.693
556	размахивая	размахивать	VERB	_	Aspect=Imp|Tense=Pres|VerbForm=Conv|Voice=Act	_	_	_	@nk1985m-words#@nk1985m#141.693#142.034
557	веером	веер	NOUN	_	Animacy=Inan|Case=Ins|Gender=Masc|Number=Sing	_	_	_	@nk1985m-words#@nk1985m#142.034#142.375
558	из	из	ADP	_	_	_	_	_	@nk1985m-words#@nk1985m#142.375#142.716
559	роз	роза	NOUN	_	Animacy=Inan|Case=Acc|Gender=Masc|Number=Sing	_	_	_	@nk1985m-words#@nk1985m#142.716#143.068
560	другие	другой	ADJ	_	Case=Nom|Degree=Pos|Number=Plur	_	_	_	@nk1985m-words#@nk1985m#143.068#143.311
561	музыканты	музыкант	NOUN	_	Animacy=Anim|Case=Nom|Gender=Masc|Number=Plur	_	_	_	@nk1985m-words#@nk1985m#143.311#143.554
562	поменялись	поменяться	VERB	_	Aspect=Imp|Mood=Ind|Number=Plur|Tense=Past|VerbForm=Fin|Voice=Mid	_	_	_	@nk1985m-words#@nk1985m#143.554#143.797
563	местами	место	NOUN	_	Animacy=Inan|Case=Ins|Gender=Neut|Number=Plur	_	_	_	@nk1985m-words#@nk1985m#143.797#144.04
564	вокалист	вокалист	NOUN	_	Animacy=Anim|Case=Nom|Gender=Masc|Number=Sing	_	_	_	@nk1985m-words#@nk1985m#144.04#144.283
565	стал	стать	VERB	_	Aspect=Perf|Gender=Masc|Mood=Ind|Number=Sing|Tense=Past|VerbForm=Fin|Voice=Mid	_	_	_	@nk1985m-words#@nk1985m#144.283#144.526
566	барабанщиком	барабанщик	NOUN	_	Animacy=Anim|Case=Ins|Gender=Masc|Number=Sing	_	_	_	@nk1985m-words#@nk1985m#144.526#144.769
567	барабанщик	барабанщик	NOUN	_	Animacy=Inan|Case=Nom|Gender=Masc|Number=Sing	_	_	_	@nk1985m-words#@nk1985m#144.769#145.012
568	вокалистом	вокалист	NOUN	_	Animacy=Anim|Case=Ins|Gender=Masc|Number=Sing	_	_	_	@nk1985m-words#@nk1985m#145.012#145.255
569	то	то	PRON	_	Animacy=Inan|Case=Nom|Gender=Neut|Number=Sing	_	_	_	@nk1985m-words#@nk1985m#145.255#145.498
570	есть	быть	VERB	_	Aspect=Imp|Mood=Ind|Number=Sing|Person=3|Tense=Pres|VerbForm=Fin|Voice=Act	_	_	_	@nk1985m-words#@nk1985m#145.498#145.741
571	то	то	PRON	_	Animacy=Inan|Case=Nom|Gender=Neut|Number=Sing	_	_	_	@nk1985m-words#@nk1985m#145.741#145.984
572	есть	быть	VERB	_	Aspect=Imp|Mood=Ind|Number=Sing|Person=3|Tense=Pres|VerbForm=Fin|Voice=Act	_	_	_	@nk1985m-words#@nk1985m#145.984#146.227
573	это	это	PRON	_	Animacy=Inan|Case=Nom|Gender=Neut|Number=Sing	_	_	_	@nk1985m-words#@nk1985m#146.227#146.47
574	повод	повод	NOUN	_	Animacy=Inan|Case=Nom|Gender=Masc|Number=Sing	_	_	_	@nk1985m-words#@nk1985m#146.47#146.713
575	как	как	ADV	_	Degree=Pos	_	_	_	@nk1985m-words#@nk1985m#146.713#146.956
576	бы	бы	PART	_	_	_	_	_	@nk1985m-words#@nk1985m#146.956#147.199
577	взять	брать	VERB	_	Aspect=Perf|VerbForm=Inf|Voice=Act	_	_	_	@nk1985m-words#@nk1985m#147.199#147.442
578	и	и	CCONJ	_	_	_	_	_	@nk1985m-words#@nk1985m#147.442#147.685
579	показать	показать	VERB	_	Aspect=Perf|VerbForm=Inf|Voice=Act	_	_	_	@nk1985m-words#@nk1985m#147.685#147.928
580	фак	фак	NOUN	_	Animacy=Inan|Case=Acc|Gender=Masc|Number=Sing	_	_	_	@nk1985m-words#@nk1985m#147.928#148.171
581	/	/	PUNCT	_	_	_	_	_	@nk1985m-words#@nk1985m#148.171#148.414
582	как	как	ADV	_	Degree=Pos	_	_	_	@nk1985m-words#@nk1985m#148.414#148.657
583	бы	бы	PART	_	_	_	_	_	@nk1985m-words#@nk1985m#148.657#148.9
584	или	или	CCONJ	_	_	_	_	_	@nk1985m-words#@nk1985m#148.9#149.143
585	какую-то	какой-то	DET	_	Case=Acc|Gender=Fem|Number=Sing	_	_	_	@nk1985m-words#@nk1985m#149.143#149.386
586	позу	поза	NOUN	_	Animacy=Inan|Case=Acc|Gender=Fem|Number=Sing	_	_	_	@nk1985m-words#@nk1985m#149.386#149.629
587	принять	принять	VERB	_	Aspect=Perf|VerbForm=Inf|Voice=Act	_	_	_	@nk1985m-words#@nk1985m#149.629#149.872
588	и	и	CCONJ	_	_	_	_	_	@nk1985m-words#@nk1985m#149.872#150.115
589	так	так	ADV	_	Degree=Pos	_	_	_	@nk1985m-words#@nk1985m#150.115#150.358
590	далее	далее	ADV	_	Degree=Pos	_	_	_	@nk1985m-words#@nk1985m#150.358#150.62
591	и	и	PART	_	_	_	_	_	@nk1985m-words#@nk1985m#150.62#150.897
592	то	то	PRON	_	Animacy=Inan|Case=Nom|Gender=Neut|Number=Sing	_	_	_	@nk1985m-words#@nk1985m#150.897#151.174
593	что	что	PRON	_	Case=Nom	_	_	_	@nk1985m-words#@nk1985m#151.174#151.451
594	может	мочь	VERB	_	Aspect=Imp|Mood=Ind|Number=Sing|Person=3|Tense=Pres|VerbForm=Fin|Voice=Act	_	_	_	@nk1985m-words#@nk1985m#151.451#151.728
595	быть	быть	AUX	_	Aspect=Imp|VerbForm=Inf|Voice=Act	_	_	_	@nk1985m-words#@nk1985m#151.728#152.005
596	к	к	ADP	_	_	_	_	_	@nk1985m-words#@nk1985m#152.005#152.282
597	нам	мы	PRON	_	Case=Dat|Number=Plur|Person=1	_	_	_	@nk1985m-words#@nk1985m#152.282#152.559
598	так	так	ADV	_	Degree=Pos	_	_	_	@nk1985m-words#@nk1985m#152.559#152.836
599	доброжелательно	доброжелательно	ADV	_	Degree=Pos	_	_	_	@nk1985m-words#@nk1985m#152.836#153.113
600	отнеслись	отнестись	VERB	_	Aspect=Perf|Mood=Ind|Number=Plur|Tense=Past|VerbForm=Fin|Voice=Mid	_	_	_	@nk1985m-words#@nk1985m#153.113#153.39
601	даже	даже	PART	_	_	_	_	_	@nk1985m-words#@nk1985m#153.39#153.667
602	название	название	NOUN	_	Animacy=Inan|Case=Nom|Gender=Neut|Number=Sing	_	_	_	@nk1985m-words#@nk1985m#153.667#153.944
603	правильно	правильно	ADV	_	Degree=Pos	_	_	_	@nk1985m-words#@nk1985m#153.944#154.221
604	назвали	назвать	VERB	_	Aspect=Perf|Mood=Ind|Number=Plur|Tense=Past|VerbForm=Fin|Voice=Act	_	_	_	@nk1985m-words#@nk1985m#154.221#154.498
605	/	/	PUNCT	_	_	_	_	_	@nk1985m-words#@nk1985m#154.498#154.775
606	может	мочь	VERB	_	Aspect=Imp|Mood=Ind|Number=Sing|Person=3|Tense=Pres|VerbForm=Fin|Voice=Act	_	_	_	@nk1985m-words#@nk1985m#154.775#155.052
607	быть	быть	VERB	_	Aspect=Imp|VerbForm=Inf|Voice=Act	_	_	_	@nk1985m-words#@nk1985m#155.052#155.329
608	поэтому	поэтому	ADV	_	Degree=Pos	_	_	_	@nk1985m-words#@nk1985m#155.329#155.606
609	мы	мы	PRON	_	Case=Nom|Number=Plur|Person=1	_	_	_	@nk1985m-words#@nk1985m#155.606#155.883
610	такие	такой	DET	_	Case=Nom|Number=Plur	_	_	_	@nk1985m-words#@nk1985m#155.883#156.16
611	слишком	слишком	ADV	_	Degree=Pos	_	_	_	@nk1985m-words#@nk1985m#156.16#156.437
612	расслабленные	расслабить	VERB	_	Aspect=Perf|Case=Nom|Number=Plur|Tense=Past|VerbForm=Part|Voice=Pass	_	_	_	@nk1985m-words#@nk1985m#156.437#156.714
613	какие-то	какой-то	DET	_	Case=Nom|Number=Plur	_	_	_	@nk1985m-words#@nk1985m#156.714#156.991
614	и	и	CCONJ	_	_	_	_	_	@nk1985m-words#@nk1985m#156.991#157.268
615	мягкотелые	мягкотелый	ADJ	_	Case=Nom|Degree=Pos|Number=Plur	_	_	_	@nk1985m-words#@nk1985m#157.268#157.545
616	вышли	выйти	VERB	_	Aspect=Perf|Mood=Ind|Number=Plur|Tense=Past|VerbForm=Fin|Voice=Act	_	_	_	@nk1985m-words#@nk1985m#157.545#157.822
617	/	/	PUNCT	_	_	_	_	_	@nk1985m-words#@nk1985m#157.822#158.099
618	не	не	PART	_	_	_	_	_	@nk1985m-words#@nk1985m#158.099#158.376
619	знаю	знать	VERB	_	Aspect=Imp|Mood=Ind|Number=Sing|Person=1|Tense=Pres|VerbForm=Fin|Voice=Act	_	_	_	@nk1985m-words#@nk1985m#158.376#158.655
620	сегодня	сегодня	ADV	_	Degree=Pos	_	_	_	@nk1985m-words#@nk1985m#162.62#162.999
621	вечером	вечер	NOUN	_	Animacy=Inan|Case=Ins|Gender=Masc|Number=Sing	_	_	_	@nk1985m-words#@nk1985m#162.999#163.378
622	/	/	PUNCT	_	_	_	_	_	@nk1985m-words#@nk1985m#163.378#163.757
623	Шортпарис	Шортпарис	PROPN	_	Animacy=Inan|Case=Nom|Gender=Masc|Number=Sing	_	_	_	@nk1985m-words#@nk1985m#163.757#164.137
624	говорили	говорить	VERB	_	Aspect=Imp|Mood=Ind|Number=Plur|Tense=Past|VerbForm=Fin|Voice=Act	_	_	_	@nk1985m-words#@nk1985m#167.62#168.051
625	да	да	PART	_	_	_	_	_	@nk1985m-words#@nk1985m#168.051#168.482
626	сделано	сделать	VERB	_	Aspect=Perf|Gender=Neut|Number=Sing|Tense=Past|Variant=Short|VerbForm=Part|Voice=Pass	_	_	_	@nk1985m-words#@nk1985m#170.034#170.664
627	?	?	PUNCT	_	_	_	_	_	@nk1985m-words#@nk1985m#170.664#171.294
628	#смеётся#	#смеётся#	X	_	_	_	_	_	@nk1985m-words#@nk1985m#171.294#171.925
629	это	это	PRON	_	Animacy=Inan|Case=Nom|Gender=Neut|Number=Sing	_	_	_	@nk1985m-words#@nk1985m#172.172#172.37
630	как	как	SCONJ	_	_	_	_	_	@nk1985m-words#@nk1985m#172.37#172.568
631	это	это	PRON	_	Animacy=Inan|Case=Nom|Gender=Neut|Number=Sing	_	_	_	@nk1985m-words#@nk1985m#172.568#172.766
632	?	?	PUNCT	_	_	_	_	_	@nk1985m-words#@nk1985m#172.766#172.966
633	ну	ну	PART	_	_	_	_	_	@nk1985m-words#@nk1985m#180.931#181.231
634	это	это	PRON	_	Animacy=Inan|Case=Nom|Gender=Neut|Number=Sing	_	_	_	@nk1985m-words#@nk1985m#181.231#181.531
635	абсолютно	абсолютно	ADV	_	Degree=Pos	_	_	_	@nk1985m-words#@nk1985m#181.531#181.831
636	стрижка	стрижка	NOUN	_	Animacy=Inan|Case=Nom|Gender=Fem|Number=Sing	_	_	_	@nk1985m-words#@nk1985m#181.831#182.131
637	вообще	вообще	ADV	_	Degree=Pos	_	_	_	@nk1985m-words#@nk1985m#182.131#182.431
638	всех	весь	PRON	_	Animacy=Anim|Case=Gen|Number=Plur	_	_	_	@nk1985m-words#@nk1985m#182.431#182.731
639	кто	кто	PRON	_	Case=Nom	_	_	_	@nk1985m-words#@nk1985m#182.731#183.031
640	/	/	PUNCT	_	_	_	_	_	@nk1985m-words#@nk1985m#183.031#183.331
641	жил	жить	VERB	_	Aspect=Imp|Gender=Masc|Mood=Ind|Number=Sing|Tense=Past|VerbForm=Fin|Voice=Act	_	_	_	@nk1985m-words#@nk1985m#183.331#183.631
642	в	в	ADP	_	_	_	_	_	@nk1985m-words#@nk1985m#183.631#183.931
643	Сибири	Сибирь	PROPN	_	Animacy=Inan|Case=Loc|Gender=Fem|Number=Sing	_	_	_	@nk1985m-words#@nk1985m#183.931#184.231
644	в	в	ADP	_	_	_	_	_	@nk1985m-words#@nk1985m#184.231#184.531
645	девяностые	девяностый	ADJ	_	Case=Acc|Degree=Pos|Number=Plur	_	_	_	@nk1985m-words#@nk1985m#184.531#184.831
646	и	и	CCONJ	_	_	_	_	_	@nk1985m-words#@nk1985m#184.831#185.131
647	ходил	ходить	VERB	_	Aspect=Imp|Gender=Masc|Mood=Ind|Number=Sing|Tense=Past|VerbForm=Fin|Voice=Act	_	_	_	@nk1985m-words#@nk1985m#185.131#185.431
648	в	в	ADP	_	_	_	_	_	@nk1985m-words#@nk1985m#185.431#185.731
649	Новокузнецке	Новокузнецк	PROPN	_	Animacy=Inan|Case=Loc|Gender=Masc|Number=Sing	_	_	_	@nk1985m-words#@nk1985m#185.731#186.035
650	да	да	PRED	_	_	_	_	_	@nk1985m-words#@nk1985m#188.482#188.796
651	я	я	PRON	_	Case=Nom|Number=Sing|Person=1	_	_	_	@nk1985m-words#@nk1985m#188.796#189.11
652	пошёл	пойти	VERB	_	Aspect=Perf|Gender=Masc|Mood=Ind|Number=Sing|Tense=Past|VerbForm=Fin|Voice=Act	_	_	_	@nk1985m-words#@nk1985m#189.11#189.424
653	к	к	ADP	_	_	_	_	_	@nk1985m-words#@nk1985m#189.424#189.738
654	хирургу	хирург	NOUN	_	Animacy=Inan|Case=Dat|Gender=Masc|Number=Sing	_	_	_	@nk1985m-words#@nk1985m#189.738#190.052
655	и	и	CCONJ	_	_	_	_	_	@nk1985m-words#@nk1985m#190.052#190.366
656	попросил	просить	VERB	_	Aspect=Perf|Gender=Masc|Mood=Ind|Number=Sing|Tense=Past|VerbForm=Fin|Voice=Act	_	_	_	@nk1985m-words#@nk1985m#190.366#190.68
657	его	он	PRON	_	Case=Acc|Gender=Masc|Number=Sing|Person=3	_	_	_	@nk1985m-words#@nk1985m#190.68#190.994
658	увеличить	увеличить	VERB	_	Aspect=Perf|VerbForm=Inf|Voice=Act	_	_	_	@nk1985m-words#@nk1985m#190.994#191.308
659	мне	я	PRON	_	Case=Dat|Number=Sing|Person=1	_	_	_	@nk1985m-words#@nk1985m#191.308#191.622
660	нос	нос	NOUN	_	Animacy=Inan|Case=Acc|Gender=Masc|Number=Sing	_	_	_	@nk1985m-words#@nk1985m#191.622#191.936
661	/	/	PUNCT	_	_	_	_	_	@nk1985m-words#@nk1985m#191.936#192.25
662	глаза	глаз	NOUN	_	Animacy=Inan|Case=Acc|Gender=Masc|Number=Plur	_	_	_	@nk1985m-words#@nk1985m#192.25#192.564
663	скулы	скула	NOUN	_	Animacy=Inan|Case=Gen|Gender=Fem|Number=Sing	_	_	_	@nk1985m-words#@nk1985m#192.564#192.878
664	так	так	ADV	_	Degree=Pos	_	_	_	@nk1985m-words#@nk1985m#192.878#193.192
665	далее	далее	ADV	_	Degree=Pos	_	_	_	@nk1985m-words#@nk1985m#193.192#193.516
666	нууу	ну	ADV	_	Degree=Pos	_	_	_	@nk1985m-words#@nk1985m#196.31#197.011
667	завораживает	завораживать	VERB	_	Aspect=Imp|Mood=Ind|Number=Sing|Person=3|Tense=Pres|VerbForm=Fin|Voice=Act	_	_	_	@nk1985m-words#@nk1985m#197.011#197.712
668	конечно	конечно	ADV	_	Degree=Pos	_	_	_	@nk1985m-words#@nk1985m#197.712#198.413
669	иногда	иногда	ADV	_	Degree=Pos	_	_	_	@nk1985m-words#@nk1985m#200.103#200.578
670	меня	я	PRON	_	Case=Acc|Number=Sing|Person=1	_	_	_	@nk1985m-words#@nk1985m#200.578#201.053
671	подхватывает	подхватывать	VERB	_	Aspect=Imp|Mood=Ind|Number=Sing|Person=3|Tense=Pres|VerbForm=Fin|Voice=Act	_	_	_	@nk1985m-words#@nk1985m#201.053#201.528
672	/	/	PUNCT	_	_	_	_	_	@nk1985m-words#@nk1985m#201.528#202.003
673	подхватывает	подхватывать	VERB	_	Aspect=Imp|Mood=Ind|Number=Sing|Person=3|Tense=Pres|VerbForm=Fin|Voice=Act	_	_	_	@nk1985m-words#@nk1985m#202.003#202.482
674	я	я	PRON	_	Case=Nom|Number=Sing|Person=1	_	_	_	@nk1985m-words#@nk1985m#223.552#223.827
675	не	не	PART	_	_	_	_	_	@nk1985m-words#@nk1985m#223.827#224.102
676	часто	часто	ADV	_	Degree=Pos	_	_	_	@nk1985m-words#@nk1985m#224.102#224.377
677	к	к	ADP	_	_	_	_	_	@nk1985m-words#@nk1985m#224.377#224.652
678	сожалению	сожаление	NOUN	_	Animacy=Inan|Case=Dat|Gender=Neut|Number=Sing	_	_	_	@nk1985m-words#@nk1985m#224.652#224.927
679	езжу	ездить	NOUN	_	Animacy=Inan|Case=Dat|Gender=Masc|Number=Sing	_	_	_	@nk1985m-words#@nk1985m#224.927#225.202
680	в	в	ADP	_	_	_	_	_	@nk1985m-words#@nk1985m#225.202#225.477
681	Новокузнецк	Новокузнецк	PROPN	_	Animacy=Inan|Case=Acc|Gender=Masc|Number=Sing	_	_	_	@nk1985m-words#@nk1985m#225.477#225.758
682	ну	ну	PART	_	_	_	_	_	@nk1985m-words#@nk1985m#227.482#227.884
683	это	это	PRON	_	Animacy=Inan|Case=Nom|Gender=Neut|Number=Sing	_	_	_	@nk1985m-words#@nk1985m#227.884#228.286
684	экономически	экономически	ADV	_	Degree=Pos	_	_	_	@nk1985m-words#@nk1985m#228.286#228.688
685	сложно	сложно	ADJ	_	Degree=Pos|Gender=Neut|Number=Sing|Variant=Short	_	_	_	@nk1985m-words#@nk1985m#228.688#229.09
686	это	это	PRON	_	Animacy=Inan|Case=Nom|Gender=Neut|Number=Sing	_	_	_	@nk1985m-words#@nk1985m#229.09#229.492
687	/	/	PUNCT	_	_	_	_	_	@nk1985m-words#@nk1985m#229.492#229.894
688	эммм	эм	INTJ	_	_	_	_	_	@nk1985m-words#@nk1985m#229.894#230.296
689	/	/	PUNCT	_	_	_	_	_	@nk1985m-words#@nk1985m#230.296#230.698
690	логистически	логистически	ADV	_	Degree=Pos	_	_	_	@nk1985m-words#@nk1985m#230.698#231.1
691	очень	очень	ADV	_	Degree=Pos	_	_	_	@nk1985m-words#@nk1985m#231.1#231.502
692	сложно	сложно	ADV	_	Degree=Pos	_	_	_	@nk1985m-words#@nk1985m#231.502#231.904
693	далеко	далеко	ADV	_	Degree=Pos	_	_	_	@nk1985m-words#@nk1985m#231.904#232.309
694	ммм	мм	NOUN	_	Animacy=Inan|Case=Gen|Gender=Masc|Number=Sing	_	_	_	@nk1985m-words#@nk1985m#237.034#237.551
695	/	/	PUNCT	_	_	_	_	_	@nk1985m-words#@nk1985m#237.551#238.068
696	сложный	сложный	ADJ	_	Case=Nom|Degree=Pos|Gender=Masc|Number=Sing	_	_	_	@nk1985m-words#@nk1985m#238.068#238.585
697	момент	момент	NOUN	_	Animacy=Inan|Case=Nom|Gender=Masc|Number=Sing	_	_	_	@nk1985m-words#@nk1985m#238.585#239.103
698	очень	очень	ADV	_	Degree=Pos	_	_	_	@nk1985m-words#@nk1985m#239.827#240.332
699	охота	охота	ADV	_	Degree=Pos	_	_	_	@nk1985m-words#@nk1985m#240.332#240.837
700	возвращаться	возвращаться	VERB	_	Aspect=Imp|VerbForm=Inf|Voice=Mid	_	_	_	@nk1985m-words#@nk1985m#240.837#241.344
701	ммм	ммм	NOUN	_	Animacy=Inan|Case=Acc|Gender=Masc|Number=Sing	_	_	_	@nk1985m-words#@nk1985m#243.0#243.269
702	я	я	PRON	_	Case=Nom|Number=Sing|Person=1	_	_	_	@nk1985m-words#@nk1985m#243.269#243.538
703	не	не	PART	_	_	_	_	_	@nk1985m-words#@nk1985m#243.538#243.807
704	знаю	знать	VERB	_	Aspect=Imp|Mood=Ind|Number=Sing|Person=1|Tense=Pres|VerbForm=Fin|Voice=Act	_	_	_	@nk1985m-words#@nk1985m#243.807#244.076
705	я	я	PRON	_	Case=Nom|Number=Sing|Person=1	_	_	_	@nk1985m-words#@nk1985m#244.076#244.345
706	вот	вот	PART	_	_	_	_	_	@nk1985m-words#@nk1985m#244.345#244.645
707	мы	мы	PRON	_	Case=Nom|Number=Plur|Person=1	_	_	_	@nk1985m-words#@nk1985m#244.645#244.945
708	мы	мы	PRON	_	Case=Nom|Number=Plur|Person=1	_	_	_	@nk1985m-words#@nk1985m#244.945#245.245
709	поехали	поехать	VERB	_	Aspect=Perf|Mood=Ind|Number=Plur|Tense=Past|VerbForm=Fin|Voice=Act	_	_	_	@nk1985m-words#@nk1985m#245.245#245.545
710	/	/	PUNCT	_	_	_	_	_	@nk1985m-words#@nk1985m#245.545#245.845
711	в	в	ADP	_	_	_	_	_	@nk1985m-words#@nk1985m#245.845#246.145
712	наш	наш	DET	_	Case=Acc|Gender=Masc|Number=Sing	_	_	_	@nk1985m-words#@nk1985m#246.145#246.445
713	первый	первый	ADJ	_	Animacy=Inan|Case=Acc|Degree=Pos|Gender=Masc|Number=Sing	_	_	_	@nk1985m-words#@nk1985m#246.445#246.745
714	тур	тур	NOUN	_	Animacy=Inan|Case=Acc|Gender=Masc|Number=Sing	_	_	_	@nk1985m-words#@nk1985m#246.745#247.045
715	по	по	ADP	_	_	_	_	_	@nk1985m-words#@nk1985m#247.045#247.345
716	России	Россия	PROPN	_	Animacy=Inan|Case=Dat|Gender=Fem|Number=Sing	_	_	_	@nk1985m-words#@nk1985m#247.345#247.655
717	пару	пара	NOUN	_	Animacy=Inan|Case=Acc|Gender=Fem|Number=Sing	_	_	_	@nk1985m-words#@nk1985m#248.034#248.424
718	лет	год	NOUN	_	Animacy=Inan|Case=Gen|Gender=Masc|Number=Plur	_	_	_	@nk1985m-words#@nk1985m#248.424#248.814
719	назад	назад	ADV	_	Degree=Pos	_	_	_	@nk1985m-words#@nk1985m#248.814#249.206
720	и	и	CCONJ	_	_	_	_	_	@nk1985m-words#@nk1985m#249.758#250.079
721	мне	я	PRON	_	Case=Dat|Number=Sing|Person=1	_	_	_	@nk1985m-words#@nk1985m#250.079#250.4
722	было	быть	AUX	_	Aspect=Imp|Gender=Neut|Mood=Ind|Number=Sing|Tense=Past|VerbForm=Fin|Voice=Act	_	_	_	@nk1985m-words#@nk1985m#250.4#250.721
723	дико	дико	ADV	_	Degree=Pos	_	_	_	@nk1985m-words#@nk1985m#250.721#251.042
724	неуютно	неуютно	ADV	_	Degree=Pos	_	_	_	@nk1985m-words#@nk1985m#251.042#251.363
725	это	это	PRON	_	Animacy=Inan|Case=Nom|Gender=Neut|Number=Sing	_	_	_	@nk1985m-words#@nk1985m#251.363#251.684
726	были	быть	AUX	_	Aspect=Imp|Mood=Ind|Number=Plur|Tense=Past|VerbForm=Fin|Voice=Act	_	_	_	@nk1985m-words#@nk1985m#251.684#252.005
727	города	город	NOUN	_	Animacy=Inan|Case=Gen|Gender=Masc|Number=Sing	_	_	_	@nk1985m-words#@nk1985m#252.005#252.326
728	/	/	PUNCT	_	_	_	_	_	@nk1985m-words#@nk1985m#252.326#252.647
729	европейской	европейский	ADJ	_	Case=Gen|Degree=Pos|Gender=Fem|Number=Sing	_	_	_	@nk1985m-words#@nk1985m#252.647#252.968
730	части	часть	NOUN	_	Animacy=Inan|Case=Gen|Gender=Fem|Number=Sing	_	_	_	@nk1985m-words#@nk1985m#252.968#253.289
731	России	Россия	PROPN	_	Animacy=Inan|Case=Gen|Gender=Fem|Number=Sing	_	_	_	@nk1985m-words#@nk1985m#253.289#253.62
732	я	я	PRON	_	Case=Nom|Number=Sing|Person=1	_	_	_	@nk1985m-words#@nk1985m#253.62#253.936
733	везде	везде	ADV	_	Degree=Pos	_	_	_	@nk1985m-words#@nk1985m#253.936#254.252
734	эээ	эээ	INTJ	_	_	_	_	_	@nk1985m-words#@nk1985m#254.252#254.568
735	/	/	PUNCT	_	_	_	_	_	@nk1985m-words#@nk1985m#254.568#254.884
736	я	я	PRON	_	Case=Nom|Number=Sing|Person=1	_	_	_	@nk1985m-words#@nk1985m#254.884#255.2
737	нигде	нигде	ADV	_	Degree=Pos	_	_	_	@nk1985m-words#@nk1985m#255.2#255.516
738	не	не	PART	_	_	_	_	_	@nk1985m-words#@nk1985m#255.516#255.832
739	находил	находить	VERB	_	Aspect=Imp|Gender=Masc|Mood=Ind|Number=Sing|Tense=Past|VerbForm=Fin|Voice=Act	_	_	_	@nk1985m-words#@nk1985m#255.832#256.148
740	какого-то	какой-то	DET	_	Case=Gen|Gender=Neut|Number=Sing	_	_	_	@nk1985m-words#@nk1985m#256.148#256.464
741	упокоения	упокоение	NOUN	_	Animacy=Inan|Case=Gen|Gender=Neut|Number=Sing	_	_	_	@nk1985m-words#@nk1985m#256.464#256.78
742	мне	я	PRON	_	Case=Dat|Number=Sing|Person=1	_	_	_	@nk1985m-words#@nk1985m#256.78#257.096
743	везде	везде	ADV	_	Degree=Pos	_	_	_	@nk1985m-words#@nk1985m#257.096#257.412
744	казалось	казаться	VERB	_	Aspect=Imp|Gender=Neut|Mood=Ind|Number=Sing|Tense=Past|VerbForm=Fin|Voice=Mid	_	_	_	@nk1985m-words#@nk1985m#257.412#257.728
745	всё	всё	PRON	_	Animacy=Inan|Case=Acc|Gender=Neut|Number=Sing	_	_	_	@nk1985m-words#@nk1985m#257.728#258.044
746	какое-то	какой-то	DET	_	Case=Acc|Gender=Neut|Number=Sing	_	_	_	@nk1985m-words#@nk1985m#258.044#258.36
747	чем-то	что-то	PRON	_	Case=Ins	_	_	_	@nk1985m-words#@nk1985m#258.36#258.676
748	фальшивым	фальшивый	ADJ	_	Case=Ins|Degree=Pos|Gender=Neut|Number=Sing	_	_	_	@nk1985m-words#@nk1985m#258.676#258.999
749	какие	какой	DET	_	Case=Acc|Number=Plur	_	_	_	@nk1985m-words#@nk1985m#258.999#259.374
750	там	там	ADV	_	Degree=Pos	_	_	_	@nk1985m-words#@nk1985m#259.374#259.749
751	были	быть	VERB	_	Aspect=Imp|Mood=Ind|Number=Plur|Tense=Past|VerbForm=Fin|Voice=Act	_	_	_	@nk1985m-words#@nk1985m#259.749#260.124
752	города	город	NOUN	_	Animacy=Inan|Case=Nom|Gender=Masc|Number=Plur	_	_	_	@nk1985m-words#@nk1985m#260.124#260.499
753	?	?	PUNCT	_	_	_	_	_	@nk1985m-words#@nk1985m#260.499#260.874
754	Самара	Самара	PROPN	_	Animacy=Inan|Case=Nom|Gender=Fem|Number=Sing	_	_	_	@nk1985m-words#@nk1985m#260.874#261.249
755	/	/	PUNCT	_	_	_	_	_	@nk1985m-words#@nk1985m#261.249#261.624
756	эээм	эм	INTJ	_		_	_	_	@nk1985m-words#@nk1985m#261.624#261.999
757	Пермь	Пермь	PROPN	_	Animacy=Inan|Case=Nom|Gender=Fem|Number=Sing	_	_	_	@nk1985m-words#@nk1985m#264.758#265.448
758	Нижний	нижний	PRONP	_	Case=Nom|Degree=Pos|Gender=Masc|Number=Sing	_	_	_	@nk1985m-words#@nk1985m#267.793#268.387
759	Новгород	Новгород	PROPN	_	Animacy=Inan|Case=Nom|Gender=Masc|Number=Sing	_	_	_	@nk1985m-words#@nk1985m#268.387#268.981
760	/	/	PUNCT	_	_	_	_	_	@nk1985m-words#@nk1985m#268.981#269.575
761	Казань	Казань	PROPN	_	Animacy=Inan|Case=Nom|Gender=Fem|Number=Sing	_	_	_	@nk1985m-words#@nk1985m#269.575#270.172
762	везде	везде	ADV	_	Degree=Pos	_	_	_	@nk1985m-words#@nk1985m#271.068#271.237
763	я	я	PRON	_	Case=Nom|Number=Sing|Person=1	_	_	_	@nk1985m-words#@nk1985m#271.237#271.406
764	видел	видеть	VERB	_	Aspect=Imp|Gender=Masc|Mood=Ind|Number=Sing|Tense=Past|VerbForm=Fin|Voice=Act	_	_	_	@nk1985m-words#@nk1985m#271.406#271.575
765	эти	этот	DET	_	Case=Acc|Number=Plur	_	_	_	@nk1985m-words#@nk1985m#271.575#271.744
766	/	/	PUNCT	_	_	_	_	_	@nk1985m-words#@nk1985m#271.744#271.913
767	ну	ну	PART	_	_	_	_	_	@nk1985m-words#@nk1985m#271.913#272.082
768	то	то	PRON	_	Animacy=Inan|Case=Nom|Gender=Neut|Number=Sing	_	_	_	@nk1985m-words#@nk1985m#272.082#272.251
769	есть	быть	VERB	_	Aspect=Imp|Mood=Ind|Number=Sing|Person=3|Tense=Pres|VerbForm=Fin|Voice=Act	_	_	_	@nk1985m-words#@nk1985m#272.251#272.42
770	это	это	PRON	_	Animacy=Inan|Case=Nom|Gender=Neut|Number=Sing	_	_	_	@nk1985m-words#@nk1985m#272.42#272.589
771	эм	эм	INTJ	_	_	_	_	_	@nk1985m-words#@nk1985m#272.589#272.758
772	эти	этот	DET	_	Case=Nom|Number=Plur	_	_	_	@nk1985m-words#@nk1985m#272.758#273.033
773	города	город	NOUN	_	Animacy=Inan|Case=Nom|Gender=Masc|Number=Plur	_	_	_	@nk1985m-words#@nk1985m#273.033#273.308
774	ещё	еще	ADV	_	Degree=Pos	_	_	_	@nk1985m-words#@nk1985m#273.308#273.583
775	смеют	сметь	VERB	_	Aspect=Imp|Mood=Ind|Number=Plur|Person=3|Tense=Pres|VerbForm=Fin|Voice=Act	_	_	_	@nk1985m-words#@nk1985m#273.583#273.858
776	называть	называть	VERB	_	Aspect=Imp|VerbForm=Inf|Voice=Act	_	_	_	@nk1985m-words#@nk1985m#273.858#274.133
777	себя	себя	PRON	_	Case=Acc	_	_	_	@nk1985m-words#@nk1985m#274.133#274.408
778	провинцией	провинция	NOUN	_	Animacy=Inan|Case=Ins|Gender=Fem|Number=Sing	_	_	_	@nk1985m-words#@nk1985m#274.408#274.689
779	там	там	ADV	_	Degree=Pos	_	_	_	@nk1985m-words#@nk1985m#275.103#275.488
780	есть	быть	VERB	_	Aspect=Imp|Mood=Ind|Number=Sing|Person=3|Tense=Pres|VerbForm=Fin|Voice=Act	_	_	_	@nk1985m-words#@nk1985m#275.488#275.873
781	центральная	центральный	ADJ	_	Case=Nom|Degree=Pos|Gender=Fem|Number=Sing	_	_	_	@nk1985m-words#@nk1985m#275.873#276.258
782	красивая	красивый	ADJ	_	Case=Nom|Degree=Pos|Gender=Fem|Number=Sing	_	_	_	@nk1985m-words#@nk1985m#276.258#276.643
783	пешеходная	пешеходный	ADJ	_	Case=Nom|Degree=Pos|Gender=Fem|Number=Sing	_	_	_	@nk1985m-words#@nk1985m#276.643#277.028
784	улочка	улочка	NOUN	_	Animacy=Anim|Case=Nom|Gender=Fem|Number=Sing	_	_	_	@nk1985m-words#@nk1985m#277.028#277.414
785	ну	ну	PART	_	_	_	_	_	@nk1985m-words#@nk1985m#278.626#278.853
786	какая-то	какой-то	DET	_	Case=Nom|Gender=Fem|Number=Sing	_	_	_	@nk1985m-words#@nk1985m#278.853#279.08
787	я	я	PRON	_	Case=Nom|Number=Sing|Person=1	_	_	_	@nk1985m-words#@nk1985m#279.08#279.307
788	не	не	PART	_	_	_	_	_	@nk1985m-words#@nk1985m#279.307#279.534
789	я	я	PRON	_	Case=Nom|Number=Sing|Person=1	_	_	_	@nk1985m-words#@nk1985m#279.534#279.761
790	не	не	PART	_	_	_	_	_	@nk1985m-words#@nk1985m#279.761#279.988
791	знаю	знать	VERB	_	Aspect=Imp|Mood=Ind|Number=Sing|Person=1|Tense=Pres|VerbForm=Fin|Voice=Act	_	_	_	@nk1985m-words#@nk1985m#279.988#280.215
792	какая-то	какой-то	DET	_	Case=Nom|Gender=Fem|Number=Sing	_	_	_	@nk1985m-words#@nk1985m#280.215#280.448
793	и	и	CCONJ	_	_	_	_	_	@nk1985m-words#@nk1985m#280.448#280.851
794	какие-то	какой-то	DET	_	Case=Acc|Number=Plur	_	_	_	@nk1985m-words#@nk1985m#280.851#281.254
795	какие-то	какой-то	DET	_	Case=Acc|Number=Plur	_	_	_	@nk1985m-words#@nk1985m#281.254#281.657
796	барельефы	барельеф	NOUN	_	Animacy=Inan|Case=Acc|Gender=Masc|Number=Plur	_	_	_	@nk1985m-words#@nk1985m#281.657#282.06
797	эээ	эээ	INTJ	_		_	_	_	@nk1985m-words#@nk1985m#282.06#282.463
798	/	/	PUNCT	_	_	_	_	_	@nk1985m-words#@nk1985m#282.463#282.866
799	какая-то	какой-то	DET	_	Case=Nom|Gender=Fem|Number=Sing	_	_	_	@nk1985m-words#@nk1985m#282.866#283.269
800	лепнина	лепнина	NOUN	_	Animacy=Inan|Case=Nom|Gender=Fem|Number=Sing	_	_	_	@nk1985m-words#@nk1985m#283.269#283.672
801	на	на	ADP	_	_	_	_	_	@nk1985m-words#@nk1985m#283.672#284.075
802	домах	дом	NOUN	_	Animacy=Inan|Case=Loc|Gender=Masc|Number=Plur	_	_	_	@nk1985m-words#@nk1985m#284.075#284.482
803	эээм	эм	INTJ	_		_	_	_	@nk1985m-words#@nk1985m#285.448#285.948
804	/	/	PUNCT	_	_	_	_	_	@nk1985m-words#@nk1985m#285.948#286.448
805	какая-то	какой-то	DET	_	Case=Nom|Gender=Fem|Number=Sing	_	_	_	@nk1985m-words#@nk1985m#286.448#286.948
806	красивость	красивость	NOUN	_	Animacy=Inan|Case=Nom|Gender=Fem|Number=Sing	_	_	_	@nk1985m-words#@nk1985m#286.948#287.448
807	какая-то	какой-то	DET	_	Case=Nom|Gender=Fem|Number=Sing	_	_	_	@nk1985m-words#@nk1985m#287.448#287.948
808	история	история	NOUN	_	Animacy=Inan|Case=Nom|Gender=Fem|Number=Sing	_	_	_	@nk1985m-words#@nk1985m#287.948#288.448
809	какая-то	какой-то	DET	_	Case=Nom|Gender=Fem|Number=Sing	_	_	_	@nk1985m-words#@nk1985m#288.448#288.948
810	историческая	исторический	ADJ	_	Case=Nom|Degree=Pos|Gender=Fem|Number=Sing	_	_	_	@nk1985m-words#@nk1985m#288.948#289.448
811	культурная	культурный	ADJ	_	Case=Nom|Degree=Pos|Gender=Fem|Number=Sing	_	_	_	@nk1985m-words#@nk1985m#289.448#289.948
812	глубина	глубина	NOUN	_	Animacy=Inan|Case=Nom|Gender=Fem|Number=Sing	_	_	_	@nk1985m-words#@nk1985m#289.948#290.448
813	ну	ну	PART	_	_	_	_	_	@nk1985m-words#@nk1985m#290.448#290.664
814	и	и	CCONJ	_	_	_	_	_	@nk1985m-words#@nk1985m#290.664#290.88
815	там	там	ADV	_	Degree=Pos	_	_	_	@nk1985m-words#@nk1985m#290.88#291.096
816	где-то	где-то	ADV	_	Degree=Pos	_	_	_	@nk1985m-words#@nk1985m#291.096#291.312
817	есть	быть	VERB	_	Aspect=Imp|Mood=Ind|Number=Plur|Person=3|Tense=Pres|VerbForm=Fin|Voice=Act	_	_	_	@nk1985m-words#@nk1985m#291.312#291.528
818	все	весь	DET	_	Case=Nom|Number=Plur	_	_	_	@nk1985m-words#@nk1985m#291.528#291.744
819	эти	этот	DET	_	Case=Nom|Number=Plur	_	_	_	@nk1985m-words#@nk1985m#291.744#291.96
820	спальники	спальник	NOUN	_	Animacy=Inan|Case=Nom|Gender=Masc|Number=Plur	_	_	_	@nk1985m-words#@nk1985m#291.96#292.176
821	и	и	CCONJ	_	_	_	_	_	@nk1985m-words#@nk1985m#292.176#292.392
822	так	так	ADV	_	Degree=Pos	_	_	_	@nk1985m-words#@nk1985m#292.392#292.608
823	далее	далее	ADV	_	Degree=Pos	_	_	_	@nk1985m-words#@nk1985m#292.608#292.828
824	иии	и	NOUN	_	Animacy=Inan|Case=Nom|Gender=Fem|Number=Plur	_	_	_	@nk1985m-words#@nk1985m#292.828#293.145
825	и	и	CCONJ	_	_	_	_	_	@nk1985m-words#@nk1985m#293.145#293.462
826	я	я	PRON	_	Case=Nom|Number=Sing|Person=1	_	_	_	@nk1985m-words#@nk1985m#293.462#293.779
827	в	в	ADP	_	_	_	_	_	@nk1985m-words#@nk1985m#293.779#294.096
828	принципе	принцип	NOUN	_	Animacy=Inan|Case=Loc|Gender=Masc|Number=Sing	_	_	_	@nk1985m-words#@nk1985m#294.096#294.413
829	/	/	PUNCT	_	_	_	_	_	@nk1985m-words#@nk1985m#294.413#294.73
830	и	и	CCONJ	_	_	_	_	_	@nk1985m-words#@nk1985m#294.73#295.047
831	я	я	PRON	_	Case=Nom|Number=Sing|Person=1	_	_	_	@nk1985m-words#@nk1985m#295.047#295.364
832	и	и	CCONJ	_	_	_	_	_	@nk1985m-words#@nk1985m#295.364#295.681
833	мне	я	PRON	_	Case=Dat|Number=Sing|Person=1	_	_	_	@nk1985m-words#@nk1985m#295.681#295.998
834	была	быть	AUX	_	Aspect=Imp|Gender=Fem|Mood=Ind|Number=Sing|Tense=Past|VerbForm=Fin|Voice=Act	_	_	_	@nk1985m-words#@nk1985m#295.998#296.315
835	непонятна	непонятный	ADJ	_	Degree=Pos|Gender=Fem|Number=Sing|Variant=Short	_	_	_	@nk1985m-words#@nk1985m#296.315#296.632
836	эта	этот	DET	_	Case=Nom|Gender=Fem|Number=Sing	_	_	_	@nk1985m-words#@nk1985m#296.632#296.949
837	логика	логика	NOUN	_	Animacy=Inan|Case=Nom|Gender=Fem|Number=Sing	_	_	_	@nk1985m-words#@nk1985m#296.949#297.266
838	построения	построение	NOUN	_	Animacy=Inan|Case=Gen|Gender=Neut|Number=Sing	_	_	_	@nk1985m-words#@nk1985m#297.266#297.583
839	города	город	NOUN	_	Animacy=Inan|Case=Gen|Gender=Masc|Number=Sing	_	_	_	@nk1985m-words#@nk1985m#297.583#297.9
840	маленького	маленький	ADJ	_	Case=Gen|Degree=Pos|Gender=Masc|Number=Sing	_	_	_	@nk1985m-words#@nk1985m#297.9#298.217
841	потому	потому	ADV	_	Degree=Pos	_	_	_	@nk1985m-words#@nk1985m#298.217#298.534
842	что	что	SCONJ	_	_	_	_	_	@nk1985m-words#@nk1985m#298.534#298.862
843	и	и	PART	_	_	_	_	_	@nk1985m-words#@nk1985m#298.862#299.107
844	когда	когда	SCONJ	_	_	_	_	_	@nk1985m-words#@nk1985m#299.107#299.352
845	я	я	PRON	_	Case=Nom|Number=Sing|Person=1	_	_	_	@nk1985m-words#@nk1985m#299.352#299.597
846	приехал	приехать	VERB	_	Aspect=Perf|Gender=Masc|Mood=Ind|Number=Sing|Tense=Past|VerbForm=Fin|Voice=Act	_	_	_	@nk1985m-words#@nk1985m#299.597#299.842
847	в	в	ADP	_	_	_	_	_	@nk1985m-words#@nk1985m#299.842#300.087
848	Саратов	Саратов	PROPN	_	Animacy=Inan|Case=Gen|Gender=Masc|Number=Plur	_	_	_	@nk1985m-words#@nk1985m#300.087#300.332
849	/	/	PUNCT	_	_	_	_	_	@nk1985m-words#@nk1985m#300.332#300.577
850	с	с	ADP	_	_	_	_	_	@nk1985m-words#@nk1985m#300.577#300.822
851	группой	группа	NOUN	_	Animacy=Inan|Case=Ins|Gender=Fem|Number=Sing	_	_	_	@nk1985m-words#@nk1985m#300.822#301.067
852	/	/	PUNCT	_	_	_	_	_	@nk1985m-words#@nk1985m#301.067#301.312
853	вот	вот	PART	_	_	_	_	_	@nk1985m-words#@nk1985m#301.312#301.557
854	мне	я	PRON	_	Case=Dat|Number=Sing|Person=1	_	_	_	@nk1985m-words#@nk1985m#301.557#301.802
855	ст...	ст…	X	_	_	_	_	_	@nk1985m-words#@nk1985m#301.802#302.047
856	мне	я	PRON	_	Case=Dat|Number=Sing|Person=1	_	_	_	@nk1985m-words#@nk1985m#302.047#302.292
857	стало	стать	VERB	_	Aspect=Perf|Gender=Neut|Mood=Ind|Number=Sing|Tense=Past|VerbForm=Fin|Voice=Act	_	_	_	@nk1985m-words#@nk1985m#302.292#302.537
858	дышать	дышать	VERB	_	Aspect=Imp|VerbForm=Inf|Voice=Act	_	_	_	@nk1985m-words#@nk1985m#302.537#302.782
859	там	там	ADV	_	Degree=Pos	_	_	_	@nk1985m-words#@nk1985m#302.782#303.027
860	легче	легко	ADV	_	Degree=Cmp	_	_	_	@nk1985m-words#@nk1985m#303.027#303.275
861	я	я	PRON	_	Case=Nom|Number=Sing|Person=1	_	_	_	@nk1985m-words#@nk1985m#303.275#303.688
862	увидел	видеть	VERB	_	Aspect=Perf|Gender=Masc|Mood=Ind|Number=Sing|Tense=Past|VerbForm=Fin|Voice=Act	_	_	_	@nk1985m-words#@nk1985m#303.688#304.101
863	вот	вот	PART	_	_	_	_	_	@nk1985m-words#@nk1985m#304.101#304.514
864	эту	этот	DET	_	Case=Acc|Gender=Fem|Number=Sing	_	_	_	@nk1985m-words#@nk1985m#304.514#304.927
865	вот	вот	PART	_	_	_	_	_	@nk1985m-words#@nk1985m#304.927#305.34
866	ммм	ммм	NOUN	_	Animacy=Inan|Case=Acc|Gender=Masc|Number=Sing	_	_	_	@nk1985m-words#@nk1985m#305.34#305.758
867	хотя	хотя	SCONJ	_	_	_	_	_	@nk1985m-words#@nk1985m#307.517#307.743
868	там	там	ADV	_	Degree=Pos	_	_	_	@nk1985m-words#@nk1985m#307.743#307.969
869	наверное	наверное	ADV	_	Degree=Pos	_	_	_	@nk1985m-words#@nk1985m#307.969#308.195
870	есть	быть	VERB	_	Aspect=Imp|Mood=Ind|Number=Sing|Person=3|Tense=Pres|VerbForm=Fin|Voice=Act	_	_	_	@nk1985m-words#@nk1985m#308.195#308.421
871	тоже	тоже	PART	_	_	_	_	_	@nk1985m-words#@nk1985m#308.421#308.647
872	центр	центр	NOUN	_	Animacy=Inan|Case=Nom|Gender=Masc|Number=Sing	_	_	_	@nk1985m-words#@nk1985m#308.647#308.873
873	я	я	PRON	_	Case=Nom|Number=Sing|Person=1	_	_	_	@nk1985m-words#@nk1985m#308.873#309.099
874	просто	просто	PART	_	_	_	_	_	@nk1985m-words#@nk1985m#309.099#309.325
875	его	он	PRON	_	Case=Acc|Gender=Masc|Number=Sing|Person=3	_	_	_	@nk1985m-words#@nk1985m#309.325#309.551
876	может	мочь	VERB	_	Aspect=Imp|Mood=Ind|Number=Sing|Person=3|Tense=Pres|VerbForm=Fin|Voice=Act	_	_	_	@nk1985m-words#@nk1985m#309.551#309.777
877	быть	быть	AUX	_	Aspect=Imp|VerbForm=Inf|Voice=Act	_	_	_	@nk1985m-words#@nk1985m#309.777#310.003
878	его	он	PRON	_	Case=Gen|Gender=Masc|Number=Sing|Person=3	_	_	_	@nk1985m-words#@nk1985m#310.003#310.229
879	не	не	PART	_	_	_	_	_	@nk1985m-words#@nk1985m#310.229#310.455
880	зафиксировал	зафиксировать	VERB	_	Aspect=Perf|Gender=Masc|Mood=Ind|Number=Sing|Tense=Past|VerbForm=Fin|Voice=Act	_	_	_	@nk1985m-words#@nk1985m#310.455#310.69
881	я	я	PRON	_	Case=Nom|Number=Sing|Person=1	_	_	_	@nk1985m-words#@nk1985m#310.69#311.18
882	почувствовал	почувствовать	VERB	_	Aspect=Perf|Gender=Masc|Mood=Ind|Number=Sing|Tense=Past|VerbForm=Fin|Voice=Act	_	_	_	@nk1985m-words#@nk1985m#311.18#311.67
883	этот	этот	DET	_	Case=Acc|Gender=Masc|Number=Sing	_	_	_	@nk1985m-words#@nk1985m#311.67#312.16
884	город	город	NOUN	_	Animacy=Inan|Case=Acc|Gender=Masc|Number=Sing	_	_	_	@nk1985m-words#@nk1985m#312.16#312.65
885	без	без	ADP	_	_	_	_	_	@nk1985m-words#@nk1985m#312.65#313.14
886	эммм	эм	INTJ	_	_	_	_	_	@nk1985m-words#@nk1985m#313.14#313.63
887	/	/	PUNCT	_	_	_	_	_	@nk1985m-words#@nk1985m#313.63#314.12
888	без	без	ADP	_	_	_	_	_	@nk1985m-words#@nk1985m#314.12#314.61
889	центра	центр	NOUN	_	Animacy=Inan|Case=Gen|Gender=Masc|Number=Sing	_	_	_	@nk1985m-words#@nk1985m#314.61#315.103
890	плоский	плоский	ADJ	_	Animacy=Inan|Case=Acc|Degree=Pos|Gender=Masc|Number=Sing	_	_	_	@nk1985m-words#@nk1985m#315.103#315.478
891	город	город	NOUN	_	Animacy=Inan|Case=Acc|Gender=Masc|Number=Sing	_	_	_	@nk1985m-words#@nk1985m#315.478#315.853
892	культурно	культурно	ADJ	_	Degree=Pos|Gender=Neut|Number=Sing|Variant=Short	_	_	_	@nk1985m-words#@nk1985m#315.853#316.228
893	/	/	PUNCT	_	_	_	_	_	@nk1985m-words#@nk1985m#316.228#316.603
894	как	как	ADV	_	Degree=Pos	_	_	_	@nk1985m-words#@nk1985m#316.603#316.978
895	бы	бы	PART	_	_	_	_	_	@nk1985m-words#@nk1985m#316.978#317.353
896	там	там	ADV	_	Degree=Pos	_	_	_	@nk1985m-words#@nk1985m#317.353#317.728
897	эээ	эээ	INTJ	_		_	_	_	@nk1985m-words#@nk1985m#317.728#318.103
898	и	и	CCONJ	_	_	_	_	_	@nk1985m-words#@nk1985m#318.103#318.461
899	Новокузнецк	Новокузнецк	PROPN	_	Animacy=Inan|Case=Nom|Gender=Masc|Number=Sing	_	_	_	@nk1985m-words#@nk1985m#318.461#318.819
900	Томск	Томск	PROPN	_	Animacy=Inan|Case=Nom|Gender=Masc|Number=Sing	_	_	_	@nk1985m-words#@nk1985m#318.819#319.177
901	Новосибирск	Новосибирск	PROPN	_	Animacy=Inan|Case=Nom|Gender=Masc|Number=Sing	_	_	_	@nk1985m-words#@nk1985m#319.177#319.535
902	ну	ну	PART	_	_	_	_	_	@nk1985m-words#@nk1985m#319.535#319.893
903	там	там	ADV	_	Degree=Pos	_	_	_	@nk1985m-words#@nk1985m#319.893#320.251
904	Томск	Томск	PROPN	_	Animacy=Inan|Case=Nom|Gender=Masc|Number=Sing	_	_	_	@nk1985m-words#@nk1985m#320.251#320.609
905	в	в	ADP	_	_	_	_	_	@nk1985m-words#@nk1985m#320.609#320.967
906	меньшей	меньший	ADJ	_	Case=Loc|Degree=Pos|Gender=Fem|Number=Sing	_	_	_	@nk1985m-words#@nk1985m#320.967#321.325
907	степени	степень	NOUN	_	Animacy=Inan|Case=Loc|Gender=Fem|Number=Sing	_	_	_	@nk1985m-words#@nk1985m#321.325#321.69
908	они	они	PRON	_	Case=Nom|Number=Plur|Person=3	_	_	_	@nk1985m-words#@nk1985m#321.69#321.965
909	так	так	ADV	_	Degree=Pos	_	_	_	@nk1985m-words#@nk1985m#321.965#322.24
910	и	и	PART	_	_	_	_	_	@nk1985m-words#@nk1985m#322.24#322.515
911	построены	построить	VERB	_	Aspect=Perf|Number=Plur|Tense=Past|Variant=Short|VerbForm=Part|Voice=Pass	_	_	_	@nk1985m-words#@nk1985m#322.515#322.79
912	это	это	PRON	_	Animacy=Inan|Case=Acc|Gender=Neut|Number=Sing	_	_	_	@nk1985m-words#@nk1985m#322.79#323.065
913	периферия	периферия	NOUN	_	Animacy=Inan|Case=Nom|Gender=Fem|Number=Sing	_	_	_	@nk1985m-words#@nk1985m#323.065#323.34
914	которая	который	PRON	_	Case=Nom	_	_	_	@nk1985m-words#@nk1985m#323.34#323.615
915	длится	длиться	VERB	_	Aspect=Imp|Mood=Ind|Number=Sing|Person=3|Tense=Pres|VerbForm=Fin|Voice=Mid	_	_	_	@nk1985m-words#@nk1985m#323.615#323.89
916	длится	длиться	VERB	_	Aspect=Imp|Mood=Ind|Number=Sing|Person=3|Tense=Pres|VerbForm=Fin|Voice=Mid	_	_	_	@nk1985m-words#@nk1985m#323.89#324.165
917	длится	длиться	VERB	_	Aspect=Imp|Mood=Ind|Number=Sing|Person=3|Tense=Pres|VerbForm=Fin|Voice=Mid	_	_	_	@nk1985m-words#@nk1985m#324.165#324.44
918	потом	потом	ADV	_	Degree=Pos	_	_	_	@nk1985m-words#@nk1985m#324.44#324.715
919	как	как	ADV	_	Degree=Pos	_	_	_	@nk1985m-words#@nk1985m#324.715#324.99
920	бы	бы	PART	_	_	_	_	_	@nk1985m-words#@nk1985m#324.99#325.265
921	/	/	PUNCT	_	_	_	_	_	@nk1985m-words#@nk1985m#325.265#325.54
922	вот	вот	PART	_	_	_	_	_	@nk1985m-words#@nk1985m#325.54#325.815
923	официальная	официальный	ADJ	_	Case=Nom|Degree=Pos|Gender=Fem|Number=Sing	_	_	_	@nk1985m-words#@nk1985m#325.815#326.09
924	эта	этот	DET	_	Case=Nom|Gender=Fem|Number=Sing	_	_	_	@nk1985m-words#@nk1985m#326.09#326.365
925	центральная	центральный	ADJ	_	Case=Nom|Degree=Pos|Gender=Fem|Number=Sing	_	_	_	@nk1985m-words#@nk1985m#326.365#326.64
926	часть	часть	NOUN	_	Animacy=Inan|Case=Nom|Gender=Fem|Number=Sing	_	_	_	@nk1985m-words#@nk1985m#326.64#326.915
927	она	она	PRON	_	Case=Nom|Gender=Fem|Number=Sing|Person=3	_	_	_	@nk1985m-words#@nk1985m#326.915#327.19
928	никак	никак	ADV	_	Degree=Pos	_	_	_	@nk1985m-words#@nk1985m#327.19#327.465
929	не	не	PART	_	_	_	_	_	@nk1985m-words#@nk1985m#327.465#327.74
930	меняется	меняться	VERB	_	Aspect=Imp|Mood=Ind|Number=Sing|Person=3|Tense=Pres|VerbForm=Fin|Voice=Mid	_	_	_	@nk1985m-words#@nk1985m#327.74#328.015
931	там	там	ADV	_	Degree=Pos	_	_	_	@nk1985m-words#@nk1985m#328.015#328.29
932	просто	просто	PART	_	_	_	_	_	@nk1985m-words#@nk1985m#328.29#328.565
933	/	/	PUNCT	_	_	_	_	_	@nk1985m-words#@nk1985m#328.565#328.84
934	не	не	PART	_	_	_	_	_	@nk1985m-words#@nk1985m#328.84#329.115
935	пятиэтажки	пятиэтажка	NOUN	_	Animacy=Inan|Case=Acc|Gender=Fem|Number=Plur	_	_	_	@nk1985m-words#@nk1985m#329.115#329.39
936	а	а	CCONJ	_	_	_	_	_	@nk1985m-words#@nk1985m#329.39#329.665
937	девятиэтажки	девятиэтажка	NOUN	_	Animacy=Inan|Case=Acc|Gender=Fem|Number=Plur	_	_	_	@nk1985m-words#@nk1985m#329.665#329.94
938	или	или	CCONJ	_	_	_	_	_	@nk1985m-words#@nk1985m#329.94#330.215
939	не	не	PART	_	_	_	_	_	@nk1985m-words#@nk1985m#330.215#330.49
940	девятиэтажки	девятиэтажка	NOUN	_	Animacy=Inan|Case=Nom|Gender=Fem|Number=Plur	_	_	_	@nk1985m-words#@nk1985m#330.49#330.765
941	а	а	CCONJ	_	_	_	_	_	@nk1985m-words#@nk1985m#330.765#331.04
942	пятнадцатиэтажки	пятнадцатиэтажка	NOUN	_	Animacy=Inan|Case=Nom|Gender=Fem|Number=Plur	_	_	_	@nk1985m-words#@nk1985m#331.04#331.315
943	/	/	PUNCT	_	_	_	_	_	@nk1985m-words#@nk1985m#331.315#331.59
944	и	и	CCONJ	_	_	_	_	_	@nk1985m-words#@nk1985m#331.59#331.865
945	всё	весь	DET	_	Case=Nom|Gender=Neut|Number=Sing	_	_	_	@nk1985m-words#@nk1985m#331.865#332.14
946	это	это	PRON	_	Animacy=Inan|Case=Nom|Gender=Neut|Number=Sing	_	_	_	@nk1985m-words#@nk1985m#332.14#332.415
947	и	и	PART	_	_	_	_	_	@nk1985m-words#@nk1985m#332.415#332.69
948	продолжается	продолжаться	VERB	_	Aspect=Imp|Mood=Ind|Number=Sing|Person=3|Tense=Pres|VerbForm=Fin|Voice=Mid	_	_	_	@nk1985m-words#@nk1985m#332.69#332.965
949	и	и	CCONJ	_	_	_	_	_	@nk1985m-words#@nk1985m#332.965#333.24
950	так	так	ADV	_	Degree=Pos	_	_	_	@nk1985m-words#@nk1985m#333.24#333.515
951	далее	далее	ADV	_	Degree=Pos	_	_	_	@nk1985m-words#@nk1985m#333.515#333.794
952	эммм	эм	INTJ	_	_	_	_	_	@nk1985m-words#@nk1985m#334.034#334.288
953	/	/	PUNCT	_	_	_	_	_	@nk1985m-words#@nk1985m#334.288#334.542
954	ну	ну	PART	_	_	_	_	_	@nk1985m-words#@nk1985m#334.542#334.796
955	как	как	ADV	_	Degree=Pos	_	_	_	@nk1985m-words#@nk1985m#334.796#335.05
956	бы	бы	PART	_	_	_	_	_	@nk1985m-words#@nk1985m#335.05#335.304
957	я	я	PRON	_	Case=Nom|Number=Sing|Person=1	_	_	_	@nk1985m-words#@nk1985m#335.304#335.558
958	не	не	PART	_	_	_	_	_	@nk1985m-words#@nk1985m#335.558#335.812
959	говорю	говорить	VERB	_	Aspect=Imp|Mood=Ind|Number=Sing|Person=1|Tense=Pres|VerbForm=Fin|Voice=Act	_	_	_	@nk1985m-words#@nk1985m#335.812#336.066
960	что	что	SCONJ	_	_	_	_	_	@nk1985m-words#@nk1985m#336.066#336.32
961	это	это	PRON	_	Animacy=Inan|Case=Nom|Gender=Neut|Number=Sing	_	_	_	@nk1985m-words#@nk1985m#336.32#336.574
962	здорово	здорово	ADJ	_	Degree=Pos|Gender=Neut|Number=Sing|Variant=Short	_	_	_	@nk1985m-words#@nk1985m#336.574#336.828
963	/	/	PUNCT	_	_	_	_	_	@nk1985m-words#@nk1985m#336.828#337.082
964	но	но	CCONJ	_	_	_	_	_	@nk1985m-words#@nk1985m#337.082#337.336
965	это	это	PRON	_	Animacy=Inan|Case=Nom|Gender=Neut|Number=Sing	_	_	_	@nk1985m-words#@nk1985m#337.336#337.59
966	это	это	PRON	_	Animacy=Inan|Case=Nom|Gender=Neut|Number=Sing	_	_	_	@nk1985m-words#@nk1985m#337.59#337.844
967	в	в	ADP	_	_	_	_	_	@nk1985m-words#@nk1985m#337.844#338.098
968	/	/	PUNCT	_	_	_	_	_	@nk1985m-words#@nk1985m#338.098#338.352
969	я	я	PRON	_	Case=Nom|Number=Sing|Person=1	_	_	_	@nk1985m-words#@nk1985m#338.352#338.606
970	/	/	PUNCT	_	_	_	_	_	@nk1985m-words#@nk1985m#338.606#338.86
971	в	в	ADP	_	_	_	_	_	@nk1985m-words#@nk1985m#338.86#339.114
972	меня	я	PRON	_	Case=Gen|Number=Sing|Person=1	_	_	_	@nk1985m-words#@nk1985m#339.114#339.368
973	впиталось	впитаться	VERB	_	Aspect=Imp|Gender=Neut|Mood=Ind|Number=Sing|Tense=Past|VerbForm=Fin|Voice=Pass	_	_	_	@nk1985m-words#@nk1985m#339.368#339.622
974	на	на	ADP	_	_	_	_	_	@nk1985m-words#@nk1985m#339.622#339.876
975	генном	генный	ADJ	_	Case=Loc|Degree=Pos|Gender=Masc|Number=Sing	_	_	_	@nk1985m-words#@nk1985m#339.876#340.13
976	уровне	уровень	NOUN	_	Animacy=Inan|Case=Loc|Gender=Masc|Number=Sing	_	_	_	@nk1985m-words#@nk1985m#340.13#340.384
977	и	и	CCONJ	_	_	_	_	_	@nk1985m-words#@nk1985m#340.384#340.638
978	я	я	PRON	_	Case=Nom|Number=Sing|Person=1	_	_	_	@nk1985m-words#@nk1985m#340.638#340.892
979	это	это	PRON	_	Animacy=Inan|Case=Acc|Gender=Neut|Number=Sing	_	_	_	@nk1985m-words#@nk1985m#340.892#341.146
980	понимаю	понимать	VERB	_	Aspect=Imp|Mood=Ind|Number=Sing|Person=1|Tense=Pres|VerbForm=Fin|Voice=Act	_	_	_	@nk1985m-words#@nk1985m#341.146#341.4
981	как	как	SCONJ	_	_	_	_	_	@nk1985m-words#@nk1985m#341.4#341.654
982	видимо	видимо	ADP	_	_	_	_	_	@nk1985m-words#@nk1985m#341.654#341.908
983	дом	дом	NOUN	_	Animacy=Inan|Case=Acc|Gender=Masc|Number=Sing	_	_	_	@nk1985m-words#@nk1985m#341.908#342.172
984	вот	вот	PART	_	_	_	_	_	@nk1985m-words#@nk1985m#342.172#342.484
985	такое	такой	DET	_	Case=Nom|Gender=Neut|Number=Sing	_	_	_	@nk1985m-words#@nk1985m#342.484#342.796
986	извращённое	извращённый	ADJ	_	Case=Nom|Degree=Pos|Gender=Neut|Number=Sing	_	_	_	@nk1985m-words#@nk1985m#342.796#343.108
987	/	/	PUNCT	_	_	_	_	_	@nk1985m-words#@nk1985m#343.108#343.42
988	вот	вот	PART	_	_	_	_	_	@nk1985m-words#@nk1985m#343.42#343.732
989	так	так	ADV	_	Degree=Pos	_	_	_	@nk1985m-words#@nk1985m#343.732#344.044
990	вот	вот	PART	_	_	_	_	_	@nk1985m-words#@nk1985m#344.044#344.356
991	меня	я	PRON	_	Case=Acc|Number=Sing|Person=1	_	_	_	@nk1985m-words#@nk1985m#344.356#344.668
992	как	как	ADV	_	Degree=Pos	_	_	_	@nk1985m-words#@nk1985m#344.668#344.98
993	бы	бы	PART	_	_	_	_	_	@nk1985m-words#@nk1985m#344.98#345.292
994	/	/	PUNCT	_	_	_	_	_	@nk1985m-words#@nk1985m#345.292#345.604
995	цивилизация	цивилизация	NOUN	_	Animacy=Inan|Case=Nom|Gender=Fem|Number=Sing	_	_	_	@nk1985m-words#@nk1985m#345.604#345.916
996	меня	я	PRON	_	Case=Acc|Number=Sing|Person=1	_	_	_	@nk1985m-words#@nk1985m#345.916#346.228
997	/	/	PUNCT	_	_	_	_	_	@nk1985m-words#@nk1985m#346.228#346.54
998	извратила	извратить	VERB	_	Aspect=Imp|Gender=Fem|Mood=Ind|Number=Sing|Tense=Past|VerbForm=Fin|Voice=Act	_	_	_	@nk1985m-words#@nk1985m#346.54#346.852
999	я	я	PRON	_	Case=Nom|Number=Sing|Person=1	_	_	_	@nk1985m-words#@nk1985m#346.852#347.164
1000	мутировал	мутировать	VERB	_	Aspect=Imp|Gender=Masc|Mood=Ind|Number=Sing|Tense=Past|VerbForm=Fin|Voice=Act	_	_	_	@nk1985m-words#@nk1985m#347.164#347.476
1001	и	и	CCONJ	_	_	_	_	_	@nk1985m-words#@nk1985m#347.476#347.788
1002	/	/	PUNCT	_	_	_	_	_	@nk1985m-words#@nk1985m#347.788#348.1
1003	и	и	CCONJ	_	_	_	_	_	@nk1985m-words#@nk1985m#348.1#348.414
1004	я	я	PRON	_	Case=Nom|Number=Sing|Person=1	_	_	_	@nk1985m-words#@nk1985m#348.414#348.694
1005	понимаю	понимать	VERB	_	Aspect=Imp|Mood=Ind|Number=Sing|Person=1|Tense=Pres|VerbForm=Fin|Voice=Act	_	_	_	@nk1985m-words#@nk1985m#348.694#348.974
1006	этот	этот	DET	_	Case=Acc|Gender=Masc|Number=Sing	_	_	_	@nk1985m-words#@nk1985m#348.974#349.254
1007	ритм	ритм	NOUN	_	Animacy=Inan|Case=Acc|Gender=Masc|Number=Sing	_	_	_	@nk1985m-words#@nk1985m#349.254#349.534
1008	/	/	PUNCT	_	_	_	_	_	@nk1985m-words#@nk1985m#349.534#349.814
1009	я	я	PRON	_	Case=Nom|Number=Sing|Person=1	_	_	_	@nk1985m-words#@nk1985m#349.814#350.094
1010	понимаю	понимать	VERB	_	Aspect=Imp|Mood=Ind|Number=Sing|Person=1|Tense=Pres|VerbForm=Fin|Voice=Act	_	_	_	@nk1985m-words#@nk1985m#350.094#350.374
1011	этот	этот	DET	_	Case=Acc|Gender=Masc|Number=Sing	_	_	_	@nk1985m-words#@nk1985m#350.374#350.654
1012	темп	темп	NOUN	_	Animacy=Inan|Case=Acc|Gender=Masc|Number=Sing	_	_	_	@nk1985m-words#@nk1985m#350.654#350.934
1013	/	/	PUNCT	_	_	_	_	_	@nk1985m-words#@nk1985m#350.934#351.214
1014	я	я	PRON	_	Case=Nom|Number=Sing|Person=1	_	_	_	@nk1985m-words#@nk1985m#351.214#351.494
1015	понимаю	понимать	VERB	_	Aspect=Imp|Mood=Ind|Number=Sing|Person=1|Tense=Pres|VerbForm=Fin|Voice=Act	_	_	_	@nk1985m-words#@nk1985m#351.494#351.774
1016	людей	человек	NOUN	_	Animacy=Anim|Case=Acc|Gender=Masc|Number=Plur	_	_	_	@nk1985m-words#@nk1985m#351.774#352.054
1017	которые	который	PRON	_	Case=Nom	_	_	_	@nk1985m-words#@nk1985m#352.054#352.334
1018	там	там	ADV	_	Degree=Pos	_	_	_	@nk1985m-words#@nk1985m#352.334#352.614
1019	находятся	находиться	VERB	_	Aspect=Imp|Mood=Ind|Number=Plur|Person=3|Tense=Pres|VerbForm=Fin|Voice=Mid	_	_	_	@nk1985m-words#@nk1985m#352.614#352.894
1020	их	их	PRON	_	Case=Acc|Number=Plur|Person=3	_	_	_	@nk1985m-words#@nk1985m#352.894#353.174
1021	там	там	ADV	_	Degree=Pos	_	_	_	@nk1985m-words#@nk1985m#353.174#353.454
1022	тоску	тоска	NOUN	_	Animacy=Inan|Case=Dat|Gender=Masc|Number=Sing	_	_	_	@nk1985m-words#@nk1985m#353.454#353.734
1023	во	в	ADP	_	_	_	_	_	@nk1985m-words#@nk1985m#353.734#354.014
1024	взгляде	взгляд	NOUN	_	Animacy=Inan|Case=Loc|Gender=Masc|Number=Sing	_	_	_	@nk1985m-words#@nk1985m#354.014#354.31
1025	[нрзб]	[нрзб]	X	_	_	_	_	_	@nk1985m-words#@nk1985m#355.586#355.854
1026	там	там	ADV	_	Degree=Pos	_	_	_	@nk1985m-words#@nk1985m#355.854#356.122
1027	печаль	печаль	NOUN	_	Animacy=Inan|Case=Nom|Gender=Fem|Number=Sing	_	_	_	@nk1985m-words#@nk1985m#356.122#356.39
1028	в	в	ADP	_	_	_	_	_	@nk1985m-words#@nk1985m#356.39#356.658
1029	сердце	сердце	NOUN	_	Animacy=Inan|Case=Acc|Gender=Neut|Number=Sing	_	_	_	@nk1985m-words#@nk1985m#356.658#356.926
1030	раба	раб	NOUN	_	Animacy=Anim|Case=Gen|Gender=Masc|Number=Sing	_	_	_	@nk1985m-words#@nk1985m#356.926#357.194
1031	да	да	PART	_	_	_	_	_	@nk1985m-words#@nk1985m#357.194#357.462
1032	у	у	ADP	_	_	_	_	_	@nk1985m-words#@nk1985m#357.462#357.73
1033	Платонова	Платонов	PROPN	_	Animacy=Anim|Case=Gen|Gender=Masc|Number=Sing	_	_	_	@nk1985m-words#@nk1985m#357.73#357.998
1034	?	?	PUNCT	_	_	_	_	_	@nk1985m-words#@nk1985m#357.998#358.275
1035	эээм	эм	INTJ	_		_	_	_	@nk1985m-words#@nk1985m#358.862#359.324
1036	мне	я	PRON	_	Case=Dat|Number=Sing|Person=1	_	_	_	@nk1985m-words#@nk1985m#359.324#359.786
1037	это	это	PRON	_	Animacy=Inan|Case=Nom|Gender=Neut|Number=Sing	_	_	_	@nk1985m-words#@nk1985m#359.786#360.248
1038	созвучно	созвучно	ADV	_	Degree=Pos	_	_	_	@nk1985m-words#@nk1985m#360.248#360.71
1039	и	и	PART	_	_	_	_	_	@nk1985m-words#@nk1985m#360.71#361.172
1040	а	а	CCONJ	_	_	_	_	_	@nk1985m-words#@nk1985m#361.241#361.574
1041	вот	вот	PART	_	_	_	_	_	@nk1985m-words#@nk1985m#361.574#361.907
1042	это	это	PRON	_	Animacy=Inan|Case=Nom|Gender=Neut|Number=Sing	_	_	_	@nk1985m-words#@nk1985m#361.907#362.24
1043	/	/	PUNCT	_	_	_	_	_	@nk1985m-words#@nk1985m#362.24#362.573
1044	вот	вот	PART	_	_	_	_	_	@nk1985m-words#@nk1985m#362.573#362.906
1045	эти	этот	DET	_	Case=Nom|Number=Plur	_	_	_	@nk1985m-words#@nk1985m#362.906#363.239
1046	вот	вот	PART	_	_	_	_	_	@nk1985m-words#@nk1985m#363.239#363.572
1047	полупровинции	полупровинция	NOUN	_	Animacy=Inan|Case=Nom|Gender=Fem|Number=Plur	_	_	_	@nk1985m-words#@nk1985m#363.572#363.905
1048	какие-то	какой-то	DET	_	Case=Nom|Number=Plur	_	_	_	@nk1985m-words#@nk1985m#363.905#364.241
1049	избалованные	избаловать	VERB	_	Aspect=Perf|Case=Nom|Number=Plur|Tense=Past|VerbForm=Part|Voice=Pass	_	_	_	@nk1985m-words#@nk1985m#364.965#365.669
1050	культурой	культура	NOUN	_	Animacy=Inan|Case=Ins|Gender=Fem|Number=Sing	_	_	_	@nk1985m-words#@nk1985m#365.669#366.373
1051	/	/	PUNCT	_	_	_	_	_	@nk1985m-words#@nk1985m#366.373#367.077
1052	какими-то	какой-то	PRON	_	Case=Ins|Number=Plur	_	_	_	@nk1985m-words#@nk1985m#367.077#367.781
1053	событиями	событие	NOUN	_	Animacy=Inan|Case=Ins|Gender=Neut|Number=Plur	_	_	_	@nk1985m-words#@nk1985m#367.781#368.485
1054	прошлого	прошлое	NOUN	_	Animacy=Inan|Case=Gen|Gender=Neut|Number=Sing	_	_	_	@nk1985m-words#@nk1985m#368.485#369.189
1055	я	я	PRON	_	Case=Nom|Number=Sing|Person=1	_	_	_	@nk1985m-words#@nk1985m#369.189#369.896
1056	для	для	ADP	_	_	_	_	_	@nk1985m-words#@nk1985m#369.896#370.193
1057	меня	я	PRON	_	Case=Gen|Number=Sing|Person=1	_	_	_	@nk1985m-words#@nk1985m#370.193#370.49
1058	это	это	PRON	_	Animacy=Inan|Case=Nom|Gender=Neut|Number=Sing	_	_	_	@nk1985m-words#@nk1985m#370.49#370.787
1059	менее	менее	ADV	_	Degree=Cmp	_	_	_	@nk1985m-words#@nk1985m#370.787#371.084
1060	понятная	понятный	ADJ	_	Case=Nom|Degree=Pos|Gender=Fem|Number=Sing	_	_	_	@nk1985m-words#@nk1985m#371.084#371.381
1061	субстанция	субстанция	NOUN	_	Animacy=Inan|Case=Nom|Gender=Fem|Number=Sing	_	_	_	@nk1985m-words#@nk1985m#371.381#371.678
1062	вот	вот	PART	_	_	_	_	_	@nk1985m-words#@nk1985m#371.678#371.975
1063	если	если	SCONJ	_	_	_	_	_	@nk1985m-words#@nk1985m#371.975#372.272
1064	может	мочь	VERB	_	Aspect=Imp|Mood=Ind|Number=Sing|Person=3|Tense=Pres|VerbForm=Fin|Voice=Act	_	_	_	@nk1985m-words#@nk1985m#372.272#372.569
1065	быть	быть	VERB	_	Aspect=Imp|VerbForm=Inf|Voice=Act	_	_	_	@nk1985m-words#@nk1985m#372.569#372.866
1066	я	я	PRON	_	Case=Nom|Number=Sing|Person=1	_	_	_	@nk1985m-words#@nk1985m#372.866#373.163
1067	сложно	сложно	ADV	_	Degree=Pos	_	_	_	@nk1985m-words#@nk1985m#373.163#373.46
1068	объяснил	объяснить	VERB	_	Aspect=Perf|Gender=Masc|Mood=Ind|Number=Sing|Tense=Past|VerbForm=Fin|Voice=Act	_	_	_	@nk1985m-words#@nk1985m#373.46#373.758
